title,sentimen
"Harimau Terkam 2 Sapi di Siak, PTPN V Imbau Warga-Karyawan Waspada",Negatif
2.500 Anak Yatim Dapat Santunan di HUT ke-250 Banyuwangi,Negatif
Polda Sumut Bantu Polres Buru Pelaku Penembakan Pelajar di Sergai,Negatif
"Erick Thohir Mau Bikin Klaster Pangan, Ini Kata Buwas",Netral
Keistimewaan 2 Cagar Budaya Nasional di Surabaya: Gedung PTPN XI dan NIAS,Netral
"Lahan Markaz Syariah dari Perjanjian Oper Garap Disebut Tak Sah, Ini Kata Tim HRS",Negatif
Polisi Tangkap Pelaku Begal Payudara di Pasaman Barat,Negatif
Seperti Ini Kondisi Rest Area Gunung Mas yang Jadi Tempat Relokasi PKL Puncak,Negatif
Geber Transformasi PTPN dari 'Gelap' Jadi Untung,Negatif
Nusron Wahid ke Bos PTPN: Pabrik Gula Dapat PMN Kok Malah Modar?,Netral
KPPU Dorong Kebijakan Baru buat Ciptakan Persaingan Sehat di Industri Gula,Netral
"Bantah Petani Milenial Gimmick, Ridwan Kamil: Evaluasi Butuh Setahun",Negatif
"PTPN Sudah Terima Surat dari Markaz Syariah, What's Next?",Netral
"Kota Mati Tommy Soeharto di Karawang, Perumahan Korban Runtuhnya Orba",Negatif
"Ibu Hamil Ditandu Lewati Hutan Pandeglang, Begini Penjelasan Puskesmas",Netral
"Petani Tebu Juga Bisa Sukses Kelola Lahan, Begini Caranya",Positif
"Mayat Tanpa Identitas Ditemukan di Sumur PTPN II Medan, Tim SAR Evakuasi",Negatif
Asyiknya Keliling Kota Lama Surabaya Naik Mobil Klasik,Positif
Petani Tebu Situbondo Akui Ada Pengadaan Lahan PTPN XI Ratusan Hektare,Netral
Mantap! Dheo Wakili Riau di Kompetisi Bola Internasional di Malaysia,Positif
"RI Bakal Punya Acuan Harga CPO Sendiri, Holding Perkebunan Ungkap Untungnya",Negatif
"Harimau Berkeliaran di Aceh Timur, Lagi-lagi Mangsa Sapi Warga",Negatif
"Nekat Tabrak Polisi karena Bawa Sabu, Sipir Rutan Pekanbaru Terancam Dipecat",Negatif
PTPN III Mau Genjot Produksi Gula dan Sawit,Netral
"Heboh Kabar Kebun Teh Sidamanik Akan Dikonversi, DPRD Sumut Menolak",Negatif
"Erick Thohir: Swasta Jangan Ngakali BUMN, Harus Win-win",Netral
"Tak Terima 'Digoyang', Mafia Tanah Serang Balik Menteri Sofyan Djalil",Negatif
Hunian Tetap untuk 66 Korban Banjir Kalibaru Banyuwangi Mulai Dibangun,Negatif
Fakta-fakta Sejauh Ini Bungkusan Pipa-Jam Dekat Denpom Solo,Positif
7 Dapen BUMN Mau Dilaporkan ke Kejaksaan Awal Tahun Depan,Positif
"Acungkan Kapak, Pelaku Begal Payudara Incar Korban Sendirian di Pasaman",Negatif
69 Hektare Lahan PTPN I Terkena Pembangunan Tol Indralaya-Muara Enim Diganti Rugi,Negatif
Erick Thohir Kebut Holding Rumah Sakit Tahun Ini,Netral
Mendag Siapkan Izin Impor Gula 200 Ribu Ton,Negatif
Jejak Pembengkakan Biaya Kereta Cepat dari 2016-2021: Naik Rp 34 Triliun,Negatif
DPRD Jabar Usul Jutaan Hektar Lahan Tidur Milik Pusat Dikelola Warga,Positif
"Andre Rosiade Salurkan Bantuan Rp 1,4 M untuk Korban Gempa Sumbar",Netral
Melihat Tugu Garuda Pancasila di Kompleks Eks Pabrik Gula Delanggu,Netral
"Sempat Ditutup, Ini Kondisi Terkini Lokasi Benda Mencurigakan Dekat Denpom Solo",Netral
"Jejak Kina di Indonesia, Tanaman yang Disebut Ridwan Kamil Obat Corona",Netral
Pemkab Bogor Janji Tampung PKL Puncak yang Terkena Penertiban Tahap II,Negatif
Tragedi Bus Rombongan TK Muat 92 Orang Masuk Jurang Rembangan Jember,Negatif
"Anak Holding Perkebunan Punya 56.000 Ha Lahan Sawit Plasma, Serap Ribuan Petani",Negatif
Propernas Nusa Dua Tekan BackLog di Sumut dengan Bangun Kota Mandiri Bekala,Negatif
"79 Warga Pamijahan Bogor Ngungsi Imbas Gempa, Pemkab Buka Opsi Relokasi",Netral
Penjelasan Polisi soal Ada 4 Tersangka Baru Kasus Korupsi di PTPN VI,Negatif
Pengacara Tepis PTPN VIII Bungkam HRS: Semua yang Kuasai Lahan Dilaporkan,Positif
Perkara Ganti Rugi Pembongkaran Hibisc Fantasy,Negatif
RI Cari Sumber Gula Impor 200 Ribu Ton,Negatif
"Mengenal Kopi Gunung Malabar: Sejarah, Karakteristik, dan Harga",Positif
Hamparan Hijau Kebun Teh Kaligua dan Kisah Seram Gua Jepangnya,Negatif
Deretan Komisaris BUMN yang Jadi Tim Kampanye Sejauh Ini,Netral
Begini 8 Oknum Polisi Rekayasa 'Ganja Tak Bertuan' Berujung 20 Tahun Bui,Negatif
Fakta Sengketa HGU PTPN vs Markaz Syariah Habib Rizieq,Negatif
Daftar Lengkap BUMN yang Disuntik Duit Negara,Netral
"SHT Belum Dibayar, Pensiunan PTPN Geruduk Gedung DPRD Jabar",Netral
"Kembangkan 76 Wisata Baru, Jabar Butuh Rp 5,8 Triliun",Positif
"Doesoen Kakao, Penghasil Cokelat Terbaik Dunia di Banyuwangi",Positif
"Wisata Agro Wonosari: Daya Tarik, Lokasi, Fasilitas dan Harga Tiket",Positif
Erick Thohir Rombak Direksi PTPN III,Negatif
"KPPU Minta Pemerintah Jangan Ubah HET Gula, Ini Alasannya",Netral
Peluang Kerja di BUMN Tetap Terbuka Meski Punya Keterbatasan,Netral
Partai Gelora Gugat Pemilu Serentak ke MK: DPR Tumpul Awasi Pemerintah!,Netral
Pemerintah Segera Bayar Utang Rp 94 T ke Pertamina hingga PLN,Negatif
"Polemik Tanah Markaz Syariah Mengemuka, Mahfud Bicara Usul Ponpes Bersama",Positif
Nasib Terkini Rumah Sakit Pertama di Sumut,Netral
Melihat Pabrik Pengolah Kulit Kina Peninggalan Belanda yang Masih Eksis,Netral
"Markaz Syariah Disomasi, FPI Minta Ganti Rugi",Negatif
Jabar Hari Ini: Penjaga Masjid Cabuli 13 Bocah-Bandung Gelombang Kedua Corona,Positif
"Top! Holding BUMN Perkebunan Cetak Laba Rp 5,5 T",Positif
Bola Salju Markaz Syariah vs PTPN soal Sengketa Tanah,Netral
Erick Thohir Pamer  Capaian 100 Hari Kerja Kementerian BUMN,Netral
PTPN VIII Buat 29 LP di Polda Jabar soal Penyerobotan Lahan di Megamendung,Netral
3 Kisah Tragis Konflik Asmara Berakhir Petaka di Jabar,Netral
Pucuk...pucuk..pucuk... Intip Langsung Proses Pucuk Daun Menjadi Teh di Sini,Positif
"Mobil Terbakar di Jalur Jember-Bondowoso, Sopir Malah Kabur",Negatif
Holding Perkebunan Bangun Pabrik Gas Pakai Bahan Baku Limbah Sawit,Negatif
"Utang PTPN Rp 43 T, Erick Thohir: Penyakit Lama, Korupsi Terselubung",Negatif
Cerita Warga Nyaris Celaka Tertimbun Longsor Ijen Bondowoso,Negatif
Kadus Sukorejo Tewas Tertabrak-Terseret Mobil di Depan Rumdin Bupati Klaten,Positif
"Holding PTPN Mau Bentuk Pabrik Gula, Butuh Duit Rp 23 T",Netral
Begini Nasib Karyawan Saat 7 BUMN Dibubarkan,Positif
PT Jaswita Bicara Ganti Rugi Usai Hibisc Fantasy Dibongkar,Negatif
RI Bakal Kebanjiran 215.000 Ton Gula Kristal Putih dari Thailand-Australia,Negatif
"KCIC Minta Konsesi Kereta Cepat Jadi 80 Tahun, Kemenhub: Data Belum Lengkap",Negatif
"Kisah Rudolf Eduard Kerkhoven, Juragan yang Merintis Teh Gambung",Netral
"Jalan Terus, Kereta Cepat Jakarta-Bandung Berpotensi Bablas Surabaya",Negatif
PTPN XI Surabaya Ungkap Sejumlah Berkas yang Dibawa KPK Saat Penggeledahan,Negatif
Duduk Perkara Keluarga Mayor Dedi Jadi Tersangka Kasus Tanah hingga Dilepas,Negatif
Menteri LH: Penyegelan Tempat Wisata Sepanjang DAS Ciliwung Akan Berlanjut,Netral
Ih Gemasnya! Ada Bukit Jamur di Rancabolang Ciwidey,Netral
Pembangunan Jembatan Perkebunan Senilai Rp 22 Miliar Mangkrak Dikeluhkan,Negatif
Dirut Pertamina: Pak Erick Selalu Hands-on,Netral
Sejarah Lapangan Merdeka dan Patung Soekarno di Pangandaran,Netral
"Nimo Highland: Daya Tarik, Fasilitas Umum, dan Harga Tiket Masuk",Positif
PTPN V Akan Distribusikan 28 Ton Migor Curah Murah di Pekanbaru,Positif
"Ini Rinto, Pelaku Begal Payudara Puluhan Orang di Sumbar",Negatif
Jalan Panjang Proyek Kereta Cepat JKT-BDG yang Terancam Molor (Lagi),Negatif
"Dedi Iskandar Soroti Jalan Rusak di Sekitar Perkebunan, Singgung soal Regulasi",Negatif
Mendag Zulhas Apresiasi Minyak Merah yang Diresmikan Jokowi di Deli Serdang,Positif
"Mau Ada Klaster BUMN Pangan, Bulog-PTPN Tunggu Arahan Erick Thohir",Netral
Respons Pemkab Pandeglang soal Ibu Hamil Ditandu Lewati Hutan,Positif
Dedi Mulyadi Instruksikan Wisata Hibisc Fantasy di Puncak Bogor Dibongkar,Negatif
Holding Perkebunan Pangkas Jumlah Direksi Anak Usaha,Negatif
"Harga Gula di Sumut Tembus Rp 19 Ribu per Kg, Begini Tanggapan Disperindag",Positif
Longsor yang Putus Akses ke Ijen Bondowoso Terjadi di Empat Titik,Netral
Anggota DPR Pertanyakan Isi Draft Perpres Swasembada Gula: Hanya Cari Profit?,Negatif
Jokowi Launching Gerakan Bioetanol Tebu di Mojokerto,Netral
"DJP Sumut I Catat 210 Ribuan Orang Sudah Lapor SPT, Terbanyak Lewat Online",Positif
Proyek PSN BUMN Dapat Relaksasi BPHTB Biar Ngebut,Netral
Buruan Lamar! 3 BUMN Ini Buka Lowongan Kerja Gede-gedean,Positif
Airlangga Sebut Industri Kopi Tumbuh 250% dalam 10 Tahun Terakhir,Netral
Kejagung Periksa Eks Bupati Indragiri Hulu di Kasus PT Duta Palma,Negatif
Pemerintah Gelar Operasi Pasar di 325 Kantor Pos Jelang Puasa,Positif
"Lelang Gula Wajib di Bawah Harga Eceran Tertinggi, BUMN Sanggup?",Netral
"Kena Sentil Dedi Mulyadi Soal Alih Fungsi Lahan, Ini Respons PT Jaswita",Netral
"Trauma Ledakan Pabrik Bioetanol di Mojokerto, Ini Aspirasi Warga Terdampak",Negatif
Lengkap! Sentul City Buka-bukaan soal Polemik Lahan dengan Rocky Gerung,Positif
"Masuk Musim Giling, Berapa Produksi Gula dari BUMN?",Negatif
"Kepala BNPB Soal Rehabilitasi Citarum: Alam Terjaga, Ekonomi Meningkat",Positif
"Periksa 5 Saksi, KPK Dalami Proses Pengadaan Mesin Giling Tebu di PTPN XI",Positif
"Minyak Goreng Mahal-Langka, Ombudsman: Negara Harus Punya Cadangan!",Netral
"Izinkan Warga Memanen, Hadi Kirim Satgas ke Lahan Sengketa Tegalrejo",Netral
"8 Kendaraan Kecelakaan Beruntun di Subang, 2 Orang Tewas",Negatif
Kagetnya Menteri Sofyan Djalil Diminta Mundur Saat Perangi Mafia Tanah,Negatif
"Kebun Porang di Sukabumi Jadi Sentra Ekonomi, Wisata dan Lumbung Ilmu",Netral
"FPI Dilarang Pemerintah, Bagaimana Operasional Markaz Syariah?",Negatif
"Harga Rendah Karet di Sumut Susahkan Petani, Disbun Singgung Kemitraan",Negatif
5 Tempat Angker di Kediri yang Menyimpan Cerita Mistis,Negatif
Andre Rosiade Minta PTPN Bantu Petani Remajakan Tanaman Kelapa Sawit di Sumbar,Negatif
"Aset Holding BUMN Perkebunan Luas Banget, Bagaimana Biar Nggak Diserobot?",Netral
Jurus Holding BUMN Perkebunan Penuhi Target Swasembada Gula,Negatif
"Usai Bongkar Kios Pedagang, Pemkab Bogor Bakal Cek Izin Bangunan di Puncak",Negatif
Upaya Tangani Longsor yang Putus Akses Bandung Barat-Cianjur,Positif
"Pangkostrad Gandeng Petani Garap Lahan di Pangandaran, Bupati Apresiasi",Netral
"3 Bandit di Labuhanbatu Ditangkap, Rampas Motor Sambil Todongkan Pistol Korek Api",Negatif
Ini Daftar Relawan hingga Eks Menteri Jokowi yang Jadi Komisaris BUMN,Negatif
PLTBg Sei Mangkei Tekan Emisi Karbon 70 Ribu Ton/Tahun dari POME,Netral
"Disemprit Satgas Pangan, BUMN Akhirnya Ubah Harga Lelang Gula",Positif
"Balada Proyek Kereta Cepat: Dulu Ditolak, Kini Konsesi Melebar ke 80 Tahun",Negatif
"Jokowi Naikkan Harga Pertalite, Erick Thohir Buru-buru Balik dari Belanda",Positif
Perlawanan Samsul Tarigan Usai Divonis 16 Bulan Penjara,Negatif
Jabar Hari Ini: Heboh 'Desa Mati' di Majalengka-Preman Bandung Tewas 50 Tusukan,Negatif
"Disbudpar Kota Surabaya Operasikan 2 Bus, Ini Jadwal SSCT Terbaru",Netral
"Harga Gula di Sumut Turun, Begini Kata Disperindag",Positif
"Rebutan Impor di Balik Perpres Gula, Pengamat: Penyakit Lama, Itu Uang Besar Jelang Pemilu",Netral
"Bahas 2 Kasus Tanah di Sumut, Jokowi Minta Aset Dikelola Baik",Positif
"Hari Ini Terakhir! Lowongan Kerja BUMN 2021 dari PTPN IX, Ini Syarat Lengkapnya",Positif
Program Manis Swasembada Gula Digelar Sejumlah Kementerian di Lumajang,Positif
Caci Maki ke Jokowi Bikin Remaja di Riau Ditangkap Polisi,Negatif
"Total Korban Begal Payudara Pasaman Barat 20 Orang, Mayoritas Siswi",Negatif
DPR Kritisi Program Swasembada Gula Tak Kunjung Tercapai: Hanya Doyan Impor,Netral
ARH Janji Tak Kabur Usai Penahanan Ditangguhkan Berkat Mayor Dedi,Netral
Petani Ragu Jurus Baru Pemerintah Bisa Percepat Swasembada Gula,Negatif
"10 Objek Wisata di Pangalengan dan Ciwidey, Lengkap dengan Harga Tiketnya",Positif
"Viral Pria Telanjang Dada Hujat Jokowi di Riau, Polisi Turun Tangan",Netral
Pupuk Indonesia Teken 2 Kerja Sama di Konferensi Internasional BUMN,Positif
Qatar Mau Bangun 1 Juta Unit Rumah Susun di Kemayoran hingga Senayan,Positif
Bahlil Beberkan KEK Sei Mangkei Sepi Peminat,Negatif
BUMN Dorong Sertifikasi Ratusan Petani di Riau,Netral
"Berkat Langkah Holding Perkebunan, Industri Sawit RI Diramal Bisa Makin Moncer",Netral
"Kelanjutan Sengketa Lahan Markaz Syariah FPI, PTPN: Kami Pemilik Sah!",Positif
"Holding BUMN Targetkan Swasembada Gula, Ini Caranya",Netral
BPN Yakin Petani yang Jual Lahan ke Markaz Syariah Tak Punya Sertifikat,Positif
"Puluhan Warkop di Pantura Pemalang Dibongkar, Sejumlah PSK Positif HIV",Negatif
"Hingga 24 Maret, Ada 53 PDP dan 1.391 ODP Corona di Sumut",Netral
Kisah Pengusiran Meneer Belanda dari Pabrik Tjipetir Sukabumi,Negatif
"Dari Buntung Jadi Untung, Laba Holding Perkebunan Naik 500% Jadi Rp 4,6 T",Negatif
Mantap! KEK Sei Mangkei-Pelabuhan Kuala Tanjung bakal Tersambung Kereta,Negatif
BPN soal Markaz Syariah: Aset Ormas Terlarang Akan Disita Negara,Negatif
Sederet Fakta Konsesi Kereta Cepat JKT-BDG Minta Ditambah Jadi 80 Tahun,Negatif
"Hasil Panen Tebu di Daerah Ini Meningkat, Apa Rahasianya?",Positif
Hilang Jabatan Dirut Berdikari Gegara Pistol Meletus di Bandara,Negatif
BNPB Buka Opsi Relokasi Warga Puncak Bogor Usai Sungai Ciliwung Meluap,Negatif
"Sulap Limbah Jadi EBT, RI Gandeng 3 Perusahaan Jepang",Netral
"Transaksi Seks Pakai Indomie, Lahan PTPN Bisa Lebih Cepat 'Diselamatkan'",Positif
"Markaz Syariah Mau Dialog dengan PTPN, BPN: Tak Bisa dalam Posisi Setara",Positif
"Habib Rizieq Sebut Aher, Pemprov Jabar Buka Suara soal Markaz Syariah",Positif
Erick Bongkar Penyelewengan 4 Dapen BUMN: Ada Kerugian Negara Rp 300 M,Negatif
Mengenal Sejarah dan Tiga Tanaman Kopi di Indonesia,Netral
"Prostitusi Berkedok Warkop di Pantura Pemalang, Ramai Dikunjungi Remaja-Lansia",Negatif
Operasi Pasar Besar-besaran Mau Digelar demi Stabilkan Harga Pangan,Positif
"Jual Sawit Bersertifikat Internasional, Anak Usaha BUMN Raup Rp 168 M",Netral
3 Keuntungan Pabrik Migor Anak Usaha BUMN Melantai di Bursa,Negatif
Ramai-ramai Timses Mundur dari Komisaris BUMN Jelang Pilpres,Positif
Bocoran Erick Thohir BUMN yang Masuk Daftar Dihapus,Negatif
"Minyak Goreng Langka-Mahal, BUMN Bisa Apa?",Netral
"Erick Pengin BUMN Genjot Pemerataan Ekonomi, Begini Caranya",Positif
Saksi Sudah Meninggal Dipanggil KPK Bukan Pertama Kali Ini Terjadi,Netral
"Adian Napitupulu Bertemu Jokowi di Istana, Bahas Apa?",Positif
Adian Tepis Andre Soal Isu 'Kursi Komisaris BUMN' di Balik Kritik ke Erick,Negatif
Bupati Enrekang Sindir Aktivis Diduga Provokasi Warga Tolak Perusahaan Sawit,Negatif
"Jelang Kick Off Liga 2, Pemain Senior PSMS Medan Supardi Masih Cedera",Negatif
Jurus Telkom Pakai Logee Trans Atasi Masalah Klasik Bisnis Logistik,Positif
Jabar Banten Hari Ini: Panji Gumilang Diperiksa Polda-716 Ponpes Fiktif Terima Hibah,Positif
PTPN V Distribusikan Migor-Gula Murah ke Warga Jelang Lebaran,Positif
"Situs Balekambang, Hotel Hayam Wuruk Saat Berkunjung ke Blitar",Positif
"Menilik Museum Perkebunan Indonesia II: Sejarah, Daya Tarik, Tiket Masuk",Negatif
Peran Anak BUMN RI Bantu Atasi Dekarbonisasi Industri Sawit,Negatif
"1.500 Pohon Teh Milik PTPN Ditebang Oknum Warga Garut, Polisi Turun Tangan",Positif
Festival Cokelat Glenmore Kuatkan Banyuwangi Penghasil Cokelat Terbaik Dunia,Positif
"KCIC Minta Konsesi Kereta Cepat Jadi 80 Tahun, Kemenhub Belum Memutuskan",Negatif
"Markaz Syariah Klaim Beli Lahan Perjanjian Oper Garap, BPN: Tidak Sah",Netral
Strategi Jokowi Pencapaian Swasembada Gula dalam 5 Tahun,Netral
Andre Rosiade Usulkan 3 Pengecer Migor Curah di Tiap Pasar Tradisional,Negatif
Cerita Babeh Idin Susuri Sungai dari Bogor ke Jakut dengan Getek Gedebok,Netral
"Mudik ke Klaten, Mengenang Masa Jaya Pabrik Karung Goni Delanggu",Netral
"Ramai-ramai Komisaris Mundur karena Pilpres, dari Ahok hingga Abdee Slank",Netral
DPRD Jatim Desak BUMN Ikut Tanggung Jawab atas Kerusuhan Dusun Baban Jember,Negatif
Warga Ikut Bongkar Paksa Hibisc Fantasy di Puncak Bogor,Negatif
"Pria Tanpa Identitas Ditemukan Meninggal di Kebun Kopi Bawen, Ini Ciri-cirinya",Netral
Pemkab Bogor Minta PKL Puncak Pindah ke Rest Area Gunung Mas Sebelum 24 Juni,Negatif
"Sidang Suap Eks Dirut PTPN III, Pengusaha Ini Disebut Minta Suapnya Diganti",Negatif
57 Rumah Warga Rusak Dampak Ledakan Pabrik Bioetanol di Mojokerto,Negatif
Sejarah Panjang Penamaan Jember Sebagai Kota Tembakau,Negatif
Respons Mendag soal Minyak Makan Merah,Positif
Pemprov Sumut Siapkan Wisma Atlet-Asrama Haji Antisipasi Lonjakan PDP Corona,Positif
Cara Baru Pengolahan Daun Teh Pakai Bahan Bakar Gas,Negatif
PTPN XI Buka Lebar Akses Informasi bagi KPK untuk Penyelidikan,Positif
Ternyata Ini Temuan 'Harta Karun' RI yang Dipamerkan Erick Thohir,Netral
"Harga TBS Sawit di Riau Tertinggi dalam Sejarah, Petani Semringah",Positif
"Harga Sawit di Riau Naik Tipis, Pekan Ini Rp 2.630 per Kg",Positif
Progres Terkini Pemindahan Kawasan Industri Pulogadung ke Subang,Negatif
"PTPN Somasi Markaz Syariah, BPN: Tanah Negara Tak Bisa Dikuasai Masyarakat",Netral
"Demo Peringatan Hari Tani, Massa Bawa Tumpeng Raksasa ke BPN Sumut",Negatif
Blak-blakan Erick Thohir Soal Rencana Bangun RS Internasional di Bali,Netral
Disperindag Sumut Prediksi Harga Gula Tetap Mahal hingga Akhir Tahun,Positif
"Ada Korupsi di Balik Utang Masa Lalu, PTPN Sudah Bersih-bersih",Negatif
Kemenhub Ungkap Alasan Konsesi KCIC Belum Juga Diperpanjang,Netral
"Erick Ungkap 79 Proyek Strategis BUMN Rampung, Sisa 9 Lagi",Netral
Airlangga-Erick Thohir Akan Beri Pengarahan Saat Harlah NU di Palembang,Netral
Markaz Syariah vs PTPN Berkutat di Masalah Pembelian Lahan Petani,Netral
Erick Thohir Sebutkan 4 Industri Andalan untuk Lawan Resesi 2023,Negatif
Aroma Horor Pabrik Penghasil Karet Tjipetir Sukabumi,Netral
"IPO Tahun Ini, PHE Bakal Lepas 10 Persen Saham ke Publik",Netral
"Erick Thohir Rombak Komisaris PT PAL Indonesia, Ini Susunannya",Negatif
Kepala BPN Bagi-bagi Sertifikat Tanah Buat Korban Banjir di Bogor,Negatif
Bos BUMN yang Punya 'Rapor' Merah Bakal Kena Blacklist!,Netral
Pabrik Holding BUMN Perkebunan Pakai Pembangkit BBM Limbah Sawit,Negatif
"Harga Sawit di Riau Naik Tipis Pekan Ini, Berikut Daftarnya",Positif
"Nah Lho, Erick Thohir Sebut Sempat Ada 'Kerajaan Kecil' di PTPN",Netral
"Jokowi Pamer Minyak Makan Merah, Lebih Murah dan Enak dari Minyak Goreng",Negatif
Respons PT Jaswita Jabar soal Alih Fungsi Lahan di Puncak Bogor,Positif
BUMN Dapat Suntikan Rp 57 T dari Pemerintah,Netral
"Erick Thohir Ingin BUMN Diisi Milenial, Holding Perkebunan Lakukan Hal ini",Negatif
PTPN IV Regional I Tanam Perdana Program Peremajaan Sawit Rakyat,Negatif
Menteri Ara: Pemerintah Bakal Bangun Rumah Rakyat dari Tanah Koruptor,Positif
Pemerintah Target Impor Gula 200 Ribu Ton Masuk Sebelum April,Negatif
206 Granat Tangan Aktif Dimusnahkan Tim Gegana Polda Jatim,Negatif
"Ada Abdee 'Slank', Ini Daftar Timses-Eks Menteri Jadi Komisaris BUMN",Netral
"Tanam Ganja di Perbukitan Bandung, Pelaku Raup Rp 240 Juta Sekali Panen",Netral
Syah Afandin Bakal Jadikan Langkat Lumbung Pangan Nasional,Netral
"Mau Jadi 'Silicon Valley', Kok Bukit Algoritma Nyempil di Kebun Sawit?",Negatif
Mahfud Sorot Klaim FPI soal Tanah Markaz Syariah: HGU PTPN Baru 5 Tahun,Netral
Pupuk Indonesia & PTPN Buat Program Pendampingan bagi Petani Tebu,Positif
2 Pria di Ogan Ilir Ditangkap Saat Hendak Ambil Barang Curian,Negatif
"Tekan Harga, Anak Usaha PTPN Produksi Minyak Goreng Rp 14.000/Liter",Netral
"Polisikan 12 Petani Sukabumi, Begini Penjelasan PTPN VIII",Netral
Melihat Pabrik Gula Bagong di Surabaya yang Dulu Jaya Kini Terbengkalai,Positif
Tinjau Ulang Pembangunan Infrastruktur Transportasi,Netral
Kepala BPKP Ungkap 2 Dana Pensiun BUMN Terindikasi Fraud,Netral
"Deretan Nama Tenar yang Mundur dari Petinggi BUMN, Dulu Dekat dengan Jokowi",Netral
"Sejarah Kebun Teh Wonosari di Malang, Dulunya Punya Belanda",Negatif
"Komplotan Pencuri Tebu 8 Ton di Kediri Diringkus, Libatkan Orang Dalam",Negatif
Usul Andre Rosiade ke Erick Thohir Demi Pulihkan Harga TBS Sawit di Sumbar,Positif
PTPN Mau Produksi Ethanol Buat Campuran BBM,Positif
Dirut Holding Perkebunan Bicara Hikmah di Balik Pandemi Corona,Negatif
Komisi VI DPR Soroti BUMN 'Dilipat' Biar Kelihatan yang Rugi Sedikit,Positif
Duet BUMN Garap Lahan Tebu 4.000 Ha,Negatif
"RI Mau Geber Industri Sawit hingga Gula, Tenaga Kerjanya Siap?",Positif
BPN Bersuara di Tengah Kontroversi Markaz Syariah Rizieq vs PTPN,Negatif
PTPN Mau Geber Produksi Gula Pakai Cara Ini,Netral
Bupati Ipuk Luncurkan Bulan Imunisasi di Lereng Gunung Raung,Netral
"Panjat Sutet Demi Konten, Deni Gosong Tersengat Listrik",Netral
Pisang Cavendish dari Lahan 100 Hektare di Bone Ditarget Panen Juni 2024,Netral
Bos Holding PTPN Janji Lunasi Pembayaran Pensiunan Tahun Depan,Netral
News of the Week: PTPN Vs FPI soal Lahan Markaz Syariah,Netral
"Laba Holding BUMN Perkebunan Melonjak 236%, Kantongi Rp 2,95 T",Positif
Inkonsistensi Jokowi di Tax Amnesty Jilid II dan Kereta Cepat Telan APBN,Negatif
"Polisi Tangkap 5 Ninja Sawit di PTPN IV Labusel, 2 Pelaku Ditembak",Negatif
"Sempat Ditutup, Ranca Upas Buka Lagi Buat Wisatawan",Negatif
Erick Thohir Target AP I dan II Merger di Februari 2024,Positif
"JPU Tak Kunjung Rampungkan Tuntutan, Sidang Samsul Tarigan Ditunda 3 Kali",Netral
Ribuan Buruh Mau Demo di Surabaya Lewat Tol agar Tak Ganggu Acara 1 Abad NU,Negatif
"PTPN III Mau Dapat Talangan Rp 4 T, DPR Wanti-wanti Ada Oknum Main",Netral
PTPN Mau Potong Rantai Distribusi Gula Biar Harganya Nggak Menggila,Netral
Erick Thohir Mau Gabungkan Bulog dengan PTPN dan RNI,Negatif
"Sebut Somasi PTPN Salah Alamat, Markaz Syariah: Harusnya ke Penjual",Netral
"Cegah Praktik Korupsi, Holding Perkebunan Minta Bantuan KPK",Negatif
Realisasi Pembiayaan Investasi 2020 Cuma Tembus 40% dari Target,Netral
Nusron Wahid Ngadu ke Erick: Uang 1.800 Pensiunan PTPN Belum Dibayar,Negatif
Terpopuler: Kota Mati Ciptaan Orba di Dekat Jakarta,Netral
Emak-emak Geruduk Rumah Kades di Lahat Gegara Listrik Sering Padam,Netral
Terungkap! AR Hasibuan Ternyata Sepupu dari Mayor Dedi,Netral
"DPRD Dukung Pengembangan Wisata Kota Lama Surabaya, Ini Daya Tariknya",Positif
"Demo Hari Tani di Depan DPR, Tagih Reforma Agraria-Tolak Omnibus Law",Negatif
Petani Lampung Keluhkan Rendahnya Harga Sawit Kepada Mendag Zulhas,Netral
"12 Rekomendasi Wisata Lampung Tengah, Ada Air Terjun hingga Bukit Batu",Negatif
Kakao Run Meriahkan Festival Cokelat Glenmore Banyuwangi,Positif
"Ramai Poster Erick Thohir For Presiden, Stafsus: Kami Nggak Pernah Bikin",Positif
"Akhirnya Uang Negara Rp 6,9 T buat Tambal Proyek Kereta Cepat-LRT Jabodebek",Negatif
450 Ha Lahan buat Kawasan Industri Batang Digarap Tahun Depan,Negatif
"Harga Sawit Riau Turun Lagi, Pekan Ini Rp 2.548 per Kg",Positif
"Pelajar di Sergai Tewas Ditembak, Polisi Selidiki Pelaku",Negatif
"Harga TBS Sawit di Riau Turun Lagi, Berikut Rinciannya",Positif
Tol Laut Jadi Solusi Pemerataan Pasokan Minyak dan Gula di Timur Indonesia,Positif
"BUMN Bagi-bagi Minyak Goreng Murah, Berapa Harganya?",Positif
"Aturan Baru Menperin Disoal, Petani: Ada yang Ingin Gagalkan Swasembada Gula",Negatif
"Tipu Warga Rp 55 Juta Modus Loloskan Kerja di PTPN, ASN di Sergai Ditangkap",Negatif
"Jokowi Guyur Rp 4,3 Triliun untuk Proyek Kereta Cepat",Negatif
Miris! Bangunan Sekolah Bersejarah Peninggalan Bosscha Terbengkalai,Netral
"Bukan di Amerika Serikat, Ini Air Terjun Niagara Bondowoso",Negatif
"Dukung Visi Presiden Prabowo, BUMN Gelar Pelatihan UMKM Naik Kelas",Positif
Bupati Enrekang Dukung Lahan Sawit PTPN yang Ditolak Petani Maiwa,Netral
Gubernur Sumbar Minta Pembangunan Jalan Teluk Tapang Digenjot,Netral
"Holding Perkebunan Mau Bentuk PalmCo, Industri Diramal Moncer",Negatif
"Tim Hukum HRS Kirim Surat ke PTPN, Berisi 11 Poin soal Markaz Syariah",Positif
Perjalanan Kereta Cepat JKT-BDG yang Terancam Molor Lagi Gegara Kurang Duit,Negatif
Warga Gelar Demo Beri Dukungan Moral Rekan yang Disidang di PN Bondowoso,Positif
"Pulihkan Ekonomi Warga Perkebunan dan UMKM Cokelat, Bupati Ipuk Gandeng PTPN XII",Negatif
Anak Usaha PTPN Genjot Produksi 61 Ribu Ton Gula,Negatif
Daftar Panjang Timses hingga Politikus yang Jadi Komisaris BUMN,Netral
"PTPN dari Buntung Jadi Untung, Kementerian BUMN: Restruktrisasi Berhasil",Netral
"2.151 Hektare Lahan di Jabar-Banten Kritis, Ini Langkah PTPN VIII",Netral
Petani Minta BUMN dan Swasta Tak Jual Gula di Bawah Rp 11.200/Kg,Positif
"PTPN Mau Ganti Kebun Teh dan Karet Jadi Tebu, Apa Alasannya?",Netral
"Jadi Tempat Syuting FTV, Ini Kebun Strawberry Tersembunyi di Bandung",Negatif
5 Fakta Ngerinya Kecelakaan Beruntun di Subang,Negatif
"Buru Babi Pakai Senpi Rakitan, 6 Pria Sukabumi Dicokok Polisi",Negatif
"Pemerintah Impor 200 Ribu Ton Gula Tahun Ini, Begini Penjelasannya",Netral
Rektor USU Terpilih Jadi Ketua BKS-PTN Barat 2023-2025,Negatif
Warga Luwu Timur Geruduk Kantor PTPN Tuntut Pengembalian Lahan,Negatif
PTPN Klaim Tuntutan Warga soal Pengembalian Lahan di Luwu Timur Ditolak MA,Negatif
"Kisah Cinta Tragis RE Kerkhoven, Juragan Penguasa Kebun Teh di Zaman Belanda",Netral
BUMN RI-Malaysia Mau Keroyokan Kuasai Bisnis Sawit Dunia,Positif
Pandangan Muhammadiyah soal Wacana 'Ponpes Bersama' di Markaz Syariah,Netral
Ini Lahan Teh PTPN yang Memicu 12 Petani di Sukabumi Dipolisikan,Positif
"Pelajar Tewas Usai 2 Kali Ditembak, Luka di Punggung dan Dada",Negatif
RI Bisa Jadi Rujukan Pembentukan Harga Acuan CPO Dunia,Positif
Terungkap! Pembunuh Pensiunan PTPN V di Pekanbaru Ternyata Sopir Sendiri,Negatif
Janji Erick ke Jokowi Kerahkan BUMN Garap Kawasan Industri Batang,Negatif
Beda 'Bongkar Pasang' Pejabat BUMN Era Rini Soemarno dan Erick Thohir,Negatif
"Gelar Rapat Kerja, Komite II DPD RI Soroti Banyaknya BUMN yang Merugi",Positif
Mimpi RI Kuasai Bisnis Kopi Dunia,Positif
Sejuknya Udara di Kebun Teh Gunung Gambir Jember,Netral
"Perhatian! 38 BUMN Buka Lowongan 898 Pegawai, Pendaftaran Ditutup 7 Desember",Netral
"Gedung Harmonie Pasuruan Dipercantik, Ini Tampilan Sebelum dan Sesudahnya",Netral
"Bos Holding Perkebunan Minta Jangan Impor Gula Gila-gilaan, Singgung Nasib Petani",Netral
PTPN IV PalmCo Gercep Tanam Ulang 107 Ha Kebun Sawit,Negatif
Kakek Pedagang Sayur di Labuhanbatu Tewas Ditikam Tetangga Berkali-kali,Positif
Jejak dan Peninggalan Bosscha di Perkebunan Teh Malabar,Netral
"KPK Tetapkan 3 Tersangka Korupsi Pembelian Lahan PTPN XI, Kerugian Rp 30 M",Negatif
"Mahfud Temukan Mafia Tanah Lahan PTPN II yang Rugikan Negara Rp 1,7 T",Negatif
5 Rekomendasi Wisata Dataran Tinggi di Probolinggo,Positif
Resmi! Holding PTPN Merger 13 Perusahaan Jadi PalmCo dan SupportingCo,Positif
"Viral Kebun Jagung Dibabat Anak BUMN Perkebunan, Warga Pasrah dan Menangis",Negatif
"100 Hari Prabowo-Gibran, BUMN Fokus Kolaborasi Kejar Swasembada Pangan",Negatif
3 Pria Kepergok Curi Pipa Besi PTPN 4 di Simalungun,Negatif
Kala Habib Rizieq Analogikan Sambutan ke Artis dengan Kasusnya,Positif
Babat Pohon Berujung Empat Petani Garut Diproses Hukum,Negatif
Pemprov Sulsel Gandeng PTPN Ciptakan Lapangan Kerja Program Budi Daya Pisang,Positif
"Nimo Highland, Wisata Baru Ala Santorini di Pangalengan",Netral
Pabrik Pengolahan Karet PTPN XII di Jember Terbakar,Netral
PTPN Buka Suara Usai KPK Tetapkan 3 Tersangka Korupsi Pembelian Lahan,Negatif
Sudah Tahu Siapa yang Bikin Harga Gula Mahal?,Positif
Akhirnya Harimau yang Resahkan Warga Aceh Timur Berhasil Masuk Perangkap,Negatif
"FPI Dilarang, BPN: 'Penyelamatan' Lahan PTPN Bisa Lebih Cepat",Netral
"Bikin Baper, Intip Momen Romantis Bobby Nasution di Ultah Kahiyang",Positif
APD 3 Pekerja Pabrik Bioetanol Mojokerto yang Tewas Ditemukan di Kolam Pengendapan,Positif
"Erick Thohir hingga Bahlil ke Kantor Airlangga, Bahas Apa?",Positif
"Tim ITS Raih Juara 1 Kapal Robot, Kalahkan MIT & Lima Kali di Posisi Pertama",Negatif
"KPK Lelang Barang Koruptor Jelang Hakordia, Ada Mercy-Fortuner Murah",Positif
"Ngeri! Nekat Ngonten Panjat SUTET Saat Mabuk, Pria Garut Gosong Kesetrum",Negatif
Erick Thohir Buka-bukaan Pangkas Direksi PTPN Sempat Bikin Ribut,Negatif
Gubernur Riau Puji Program Peremajaan Sawit Rakyat PTPN V,Netral
"7 Pusat Oleh-oleh Banyuwangi Ini Wajib Dikunjungi, di Mana Saja?",Netral
Rakerwil AMSI Bangkitkan Pertumbuhan Ekonomi Digital Jawa Timur,Netral
Dirut PTPN III Bongkar Cikal Bakal Transformasi Holding Perkebunan Negara,Negatif
Dirut PTPN XI Surabaya Sempat Diperiksa KPK Saat Penggeledahan,Negatif
"Banyuwangi Rekonstruksi 36 Jembatan di 2023, Pengerjaannya Padat Karya",Positif
Slurpp! Istimewanya Kopi Ijen dengan Cita Rasa Kacang dan Cokelat,Netral
Heboh Warga Temukan Mayat Kakek Tergeletak di Kebun Sawit Sergai,Netral
"Temui Pj Bupati Bogor, Bey Machmudin Bahas Penataan Kawasan Puncak",Positif
Jokowi Resmikan Pabrik Minyak Makan Merah Pertama di Deli Serdang,Positif
"Erick-Ara Kumpulkan Pengembang, Bahas Tanah buat Bangun Rumah",Positif
"Kemendag Tak Bisa Sendirian Kendalikan Minyak Goreng, Perlu Libatkan BUMN?",Netral
Bupati Mojokerto Dukung Revitalisasi Industri Gula Nasional,Positif
"Jelang Idul Adha, Satgas Pangan Awasi Importasi Gula di Tanjung Priok",Positif
"Soal Petani Milenial, RK: Dinas Belum Imbangi Kecepatan Pemikiran Saya",Netral
KPK Geledah Kantor PTPN XI Surabaya Terkait Lahan di Pasuruan-Situbondo,Netral
Bos PTPN Wanti-wanti Stok Gula Menipis Bikin Harga Terkerek,Positif
"Jual Gula 1 Kiloan, PTPN Jamin Tak 'Sikat' Jatah Swasta",Netral
"TNI Resmikan Program Pipanisasi di Sukabumi, 600 Hektare Sawah Terairi",Netral
Sensasi Naik Jip Menyusuri Indahnya Perkebunan Teh Lereng Gunung Slamet Brebes,Netral
"Mengenal Minyak Makan Merah yang 'Diendorse' Jokowi, Produk Koperasi & PTPN",Positif
"Kabar Baik, Harga Sawit di Riau Nyaris Tembus Rp 3.000/Kg",Positif
Mayat Pria di Bandung Barat Dilaporkan Hilang Sejak Malam Tahun Baru,Negatif
Bulog Dicoret dari Daftar Penerima Dana Talangan,Positif
"Amfiteater Osing, Sarana Atraksi Baru di Perkebunan Coklat Glenmore",Negatif
"Korban Banjir Bandang Kalibaru Banyuwangi Demo, Minta Relokasi Dipercepat",Negatif
Heboh Pembangunan Lokasi Hiburan 'Rusak' Kebun Teh Puncak,Negatif
Kejari Binjai Buka Suara Usai Tuntutan Samsul Tarigan Tak Kunjung Tuntas,Negatif
Polisi Temukan Unsur Pidana Soal Ledakan Pabrik Bioetanol di Mojokerto,Netral
KLHK Segel Lahan Terbakar di Perkebunan Tebu PTPN VII Cinta Manis,Negatif
Ponpes Habib Rizieq Disomasi untuk Serahkan Lahan di Megamendung,Netral
"Kasus Mafia Tanah di PTPN II Deli Serdang, Mahfud Md: Sponsornya Pebisnis",Positif
Kades Buka Suara Usai Dipolisikan Nasabah Koperasi Kasus Penggelapan Uang,Netral
Heboh Sewa Helikopter Wagub Jabar hingga Polemik Petani Milenial,Positif
10 Destinasi Wisata Gadis Kretek,Netral
Holding BUMN Perkebunan Buka Suara soal Mantan Pejabat Jadi Tersangka KPK,Negatif
Akhirnya Korban Banjir Kalibaru Banyuwangi Bisa Tempati Hunian Tetap,Negatif
10 Pembobol Gudang Kopi Milik PTPN Kalisat Bondowoso Dibekuk,Netral
Andre Rosiade Dukung Erick Thohir Bongkar Kasus Dapen BUMN,Netral
Asa Tim Advokasi Markaz Syariah ke Kantor Mahfud Demi Minta Perlindungan,Netral
Tampang Pria Penikam Kakek Pedagang Sayur hingga Tewas di Labuhanbatu,Positif
"Kinerja Moncer, 4 Anak Usaha PTPN III Siap Melebur ke Palm Co",Negatif
"Belajar dari Markaz Syariah vs PTPN, Yuk Pahami Aturan Tanah Terlantar",Positif
Direktur Operasional Cerita Kuota Bansos Corona PT Pertani Dipotong Kemensos,Negatif
Keren! Aliran Air Terjun Bondowoso Ini Bak Ditelan Bumi,Negatif
KPK Duga Ada Deal Uang Saat Proses Jual Beli Lahan Tebu PTPN XI,Positif
Ini Tips Mengembangkan Karier di Tengah Gempuran AI ala Alumnus Unair,Positif
Puluhan Ternak Warga Bondowoso Hilang Tersapu Banjir Bandang Ijen,Negatif
"Holding PTPN III Terjun ke Bisnis Ritel, Jual Minyak Goreng hingga Kopi",Positif
DPR Panggil Dirut Krakatau Steel hingga PTPN Bahas Dana Talangan,Positif
Fakta-fakta Terbaru Sengketa Lahan PTPN VIII dengan Markaz Syariah FPI,Netral
"Jurus ID FOOD Kejar Swasembada Pangan, Tanam 692 Ha Lahan dengan Padi-Sawit",Negatif
Kementerian Buka Suara soal BUMN Lelang Gula di Atas HET,Netral
Penjelasan Habib Rizieq Terkait Kasus Tanah Ponpes Markaz Syariah,Positif
"12 Wisata Malang yang Murah untuk Keluarga, Ada Pantai hingga Kebun Teh",Netral
Pembangunan Bianglala di Kebun Teh Puncak Dihentikan Sementara,Negatif
"PLTBg Sei Mangkei Sudah Hasilkan 6,9 Juta kWh Listrik hingga Saat Ini",Positif
Polri Dukung Langkah Percepatan Swasembada Pangan,Positif
Ternyata Begini Kondisi Rest Area Gunung Mas Tempat Rekolasi PKL Puncak,Negatif
"Diduga Picu Banjir, 4 Tempat Wisata di Puncak Bogor Disegel!",Negatif
"Bayi Baru Lahir Dibuang dalam Plastik di Deli Serdang, Polisi Buru Ortu",Negatif
DPRD Banyuwangi Keluarkan Rekomendasi Atasi Banjir,Netral
Danantara dan Persimpangan Transformasi BUMN,Negatif
Akhir Pelarian Penusuk 2 Direktur Perusahaan BUMN di Sumut,Negatif
"Bangganya Buruh Pabrik di Riau, Putrinya Jadi Paskibraka di Istana Merdeka",Positif
"Sebelum Lebaran, Bangunan Hibisc Puncak Harus Sudah Selesai Dibongkar",Negatif
Tangisan Gubernur Dedi Melihat Carut Marut Puncak Bogor,Negatif
"DPR Soroti Harga Gula Naik Jelang Ramadhan, Ini Sarannya",Positif
"PTPN Salurkan 5,5 Ton Sembako ke Korban Banjir Bandang Luwu",Negatif
900 Jiwa Terdampak Banjir Bandang di Gunung Mas Puncak Bogor,Negatif
"Cuan! Holding BUMN Perkebunan Kantongi Laba Bersih Rp 6,02 T",Positif
Dana Pensiun BUMN Sakit-sakitan Bikin Erick Thohir Lapor Kejaksaan,Positif
bankjatim Siap Beri Kredit ke Petani Tebu Binaan SGN,Netral
Jabar Hari Ini: Herry Dituntut Hukuman Mati-Pembunuh Remaja Geng Motor Ditangkap,Negatif
Ribuan Warga Sekitar Perkebunan di Jember Jalani Vaksinasi,Negatif
"Biaya Bengkak! Malaysia Batalkan Proyek Kereta Cepat, Jokowi Malah Lanjut Pakai APBN",Negatif
Erick Thohir dan Sri Mulyani Mau Bentuk 6 Holding BUMN Tambahan,Positif
Pemprov Jambi Buka Layanan Mudik Gratis 2025 Gandeng BUMN,Netral
Jurus PTPN Pastikan Pembentukan Tiga Subholding BUMN Perkebunan Bisa Mulus,Netral
Baliho Erick Thohir Mejeng Dekat Penjara Soekarno di Bandung,Negatif
"Diperiksa 4 Jam, Dahlan Iskan Sebut Akan Ada Tersangka Baru Kasus PTPN VI",Negatif
"Menengok RS Lavalette, Rumah Sakit Legendaris di Malang yang Sarat Sejarah",Negatif
10 Korban Ledakan Pabrik Bioetanol Mojokerto Dievakuasi ke Rumah Sakit,Negatif
"Tipu Warga Miliaran Rupiah, Pasutri di Simalungun Ditangkap",Negatif
"Nah Lho! Erick Thohir Sebut Sering Terjadi Korupsi di BUMN, Kok Bisa?",Negatif
Kemnaker Harap PTPN III-FSPBUN Bisa Jalin Hubungan Industri Harmonis,Netral
Sejarah 'Kota Mati Karawang' yang Jadi Saksi Bisu Ambruknya Orde Baru,Netral
Festival Kopi Nusantara di Bondowoso Cari Barista Terbaik di Indonesia,Negatif
"Bocor Rancangan Perpres Swasembada Gula Bikin Petani Resah, Apa Isinya?",Negatif
"Sengketa Lahan di Sumut Berlarut-larut, Jokowi Turun Tangan",Positif
Ada 77.295 Kasus Kecelakaan Kerja di 2019,Netral
Kisah Noni Belanda Mandi di Balik Penemuan Benda Purbakala Klaten,Positif
"Edarkan Narkoba ke Rekan Kerja, Satpam PTPN III Diciduk Polisi",Positif
"Lawan PTPN VIII di Kasus Lahan, Markaz Syariah FPI Minta Bantuan Mahfud",Netral
Kok Proyek Kereta Cepat Jakarta-Bandung Boleh Pake APBN? Ini Alasannya,Negatif
Ini Daftar Eks Direktur PTPN XI hingga Pejabat Pasuruan yang Diperiksa KPK,Negatif
Camping Embun Sangat Membantu Warga Perkebunan Banyuwangi Urus Adminduk,Negatif
Hasil Rapat DPR dan Erick Thohir soal Pembayaran Utang hingga PMN,Netral
"Komplotan Spesialis Bobol Brankas di Jateng Dibekuk, 5 Buron",Netral
"Pelindo I Mau Naikkan Volume Bongkar Muat, Ini Jurusnya",Negatif
KPK Geledah Kantor PTPN XI Surabaya,Negatif
Pedagang Puncak Ngeluh Tak Punya Rumah Usai Lapak Dibongkar: Tidur di Terpal,Negatif
"3 Bulan Tak Digaji, Petani Sawit di Riau Curhat ke KSP soal Pengurus Kebun",Negatif
"Konflik Lahan PTPN di Megamendung Tuntas Setelah 25 Tahun, Ini Kuncinya",Positif
Begini Jurus Pengusaha Lokal Biar Terus Berkembang,Positif
Terkuak Sumber Susu Pendukung Program Makan Gratis Prabowo,Positif
"PTPN VIII Juga Laporkan Pastor Gabriele ke Bareskrim, Kenapa?",Positif
22 Rumah di Puncak Bogor Rusak Diterjang Angin Kencang,Negatif
Anak Usaha Bakal Bikin Lahan Jumbo BUMN Perkebunan Jadi Lebih Cuan,Negatif
"RI Masih Impor, Begini Cara BUMN Genjot Swasembada Gula",Netral
Polisi Periksa 15 Saksi soal Pelajar Tewas Ditembak OTK di Sergai,Negatif
DPR Panggil Bos PTPN Bahas 'Penggabungan' 35 Pabrik Gula,Netral
Polri Usut Dugaan Korupsi Proyek Pabrik Gula Assembagoes PTPN XI,Negatif
Mau Kerja di BUMN? Ini Tips dan Triknya,Positif
Mengintip Kontribusi BUMN: Jaga Penerimaan Negara hingga Serap Pekerja,Positif
Polisi Soal Pelajar Tewas Ditembak OTK di Sergai: Diduga Hendak Tawuran,Negatif
"Garang saat Maki Jokowi, Remaja di Riau Minta Maaf Setelah Ditangkap",Negatif
"13 Lembu Milik Warga Asahan Mati, Diduga Diracun",Negatif
Markaz Syariah Pakai Aturan Ini Jelaskan Beli Tanah HGU PTPN dari Petani,Netral
Erick Thohir Buka Rahasia Krakatau Steel Untung Rp 1 T,Netral
"39 Pejabat Kemenkeu Rangkap Jabatan Jadi Komisaris, Ini Daftarnya",Negatif
"Erick Thohir Tutup 74 Anak-Cucu BUMN, Paling Banyak di Pertamina-PTPN",Negatif
"Sssst... Ada Industri Sawit Mau Melantai di Bursa, Kepoin Prospeknya",Positif
Kondisi Terkini Deni yang Tersengat Listrik Saat Bikin Konten di Sutet,Netral
Bupati Bandung Harap Soljer Fair Tekan Angka Pengangguran & Bantu UMKM,Negatif
Tim Hukum HRS Mau Dialog Bareng PTPN soal Polemik Markaz Syariah,Netral
Jurus Holding BUMN Perkebunan Geber Kinerja buat Dongkrak Ekonomi RI,Netral
Cerita Lemparan Janur Kiai Mas Jadi Tempat Berdirinya PG Prajekan Bondowoso,Netral
"Habib Rizieq Singgung Lahan PTPN Telantar, BPN: Kedua Pihak Harus Buktikan",Negatif
Ini Daftar 35 Toko di Medan Agen Minyak Goreng Curah Rakyat,Negatif
"Lahan Markaz Syariah Diminta PTPN, FPI Pegangan Putusan MA Tahun 1958",Negatif
Intip Proses Pucuk Daun Menjadi Minuman dengan Wisata Kebun Teh,Netral
OJK Dorong Perbankan Tingkatkan Permodalan untuk Petani Sawit,Netral
"Amran Gandeng Erick Thohir, Kejar Swasembada Pangan dalam 4 Tahun",Negatif
"Disomasi PTPN, Markaz Syariah Dijaga Ketat",Negatif
Gubernur Khofifah Bantu Warga Terdampak Banjir Kalibaru Banyuwangi,Negatif
"Luhut Pimpin Komite Kereta Cepat Jakarta-Bandung, Begini Deretan Tugasnya",Negatif
"Erick Thohir Lanjutkan 'Bongkar Pasang' BUMN, Ini Bocorannya",Negatif
"Perusahaan Sawit PalmCo Mau IPO, Targetkan Raup Dana hingga Rp 10 T",Positif
"BUMN Genjot Budidaya Kopi Agar Bisa Diekspor, Ini Caranya",Netral
"Rencana Besar Erick Thohir Gabungkan Bulog, RNI, dan PTPN",Negatif
Andre Rosiade Minta PTPN Dukung Pemerintahan Prabowo Capai Swasembada Pangan,Positif
Babak Baru Polemik Lahan Markaz Syariah Saat HRS Dipolisikan,Netral
Pria Garut Tewas di Kebun Karet dengan Luka Gorok,Negatif
Ini Daftar BUMN yang Diusulkan Dapat PMN hingga Dana Talangan,Positif
Erick Thohir Buka-bukaan 70% Dana Pensiun BUMN Sakit!,Negatif
"6 Sekolah Pariwisata Rekomendasi Kemenparekraf, buat yang Suka Traveling Nih!",Positif
"Petani Dapat Penjaminan Kredit dari BUMN, Ini Manfaatnya",Netral
Penganiaya Pengelola Parkir di Medan Pernah Dihukum karena Kampanyekan Prabowo,Positif
8 Polisi Rekayasa 'Ganja Tak Bertuan' Berbuntut Ancaman Pemecatan,Negatif
"Curi 3 Tandan Sawit, Ibu di Rohul Riau Dilaporkan ke Polisi",Netral
"Importir Serap Gula Lokal Rp 11.200/Kg dari Petani, Begini Datanya",Negatif
"IRT Tipu Warga Modus Masuk TNI/Polri Jadi Tersangka Lagi, Kerugian Rp 3,3 Miliar",Negatif
"Erick Thohir Mau Bikin Klaster Pangan, Ekonom: Di Atas Kertas Bagus",Netral
14 Tempat Wisata Malang yang Seru dan Cocok untuk Keluarga,Negatif
"Bertemu Menteri ATR, Gubsu Edy Jamin Masalah Tanah di Sumut Segera Tuntas",Positif
Polisi Sebut Tewasnya 3 Pekerja Pabrik Bioetanol Mojokerto Kecelakaan Kerja,Positif
Jurus BUMN Cegah Pegawai Terlibat Narkoba,Positif
"Terputus Total Lebih 20 Jam, Akses ke Ijen Bondowoso Kini Terbuka Kembali",Positif
3 Perintah Erick Thohir untuk Holding PTPN III Biar Nggak Kolaps,Negatif
"PLN Mau Sulap Pembangkit Batu Bara Jadi Pakai Sampah, Bisa Ya?",Netral
Tiga Pekerja Pabrik Bioetanol Mojokerto Diduga Tewas Keracunan Gas,Netral
Melihat Klaim Habib Rizieq soal HGU di Lahan PTPN,Positif
"Umbul Brintik Klaten, Dikunjungi Sultan hingga Tamu Luar Negeri untuk Terapi",Netral
"Bentuk PalmCo, Holding Perkebunan Kejar Produksi Minyak Goreng 1,8 Juta Ton",Netral
Kemendag Wajibkan BUMN Lelang Gula di Bawah HET,Negatif
Road to Gothia Cup 2025: Daftar 20 Tim di Grand Finale,Negatif
"Banjir Bandang Terjang Gunung Mas Bogor, 1.800 Orang Terdampak",Negatif
"Pemkab Bogor Bakal Tertibkan Vila Ilegal di Puncak, Terancam Bisa Ditutup",Negatif
Erick Thohir Pastikan Copot Dirjen Daglu dari Komisaris PTPN III!,Netral
"PTPN Mau Serap Tebu Petani, Siap Beli Rp 11.500/Kg",Netral
"Menko Zulhas Kebut Produksi Gula di Sumut, Targetkan Naik 100% Tahun 2027",Netral
Remaja Diduga Curi Sawit Tewas Usai Dipukuli Sekuriti PTPN III di Labusel,Negatif
"Sapi Dimangsa jadi Umpan, Harimau di Aceh Timur Masuk Perangkap",Negatif
"Unhas Uji Bergerak Darat Pesawat Montir Tamatan SD, Bisa Melesat 240 Km/Jam",Netral
Yuk Melihat Cara Membuat Cokelat di Doesoen Kakao Banyuwangi,Positif
"Babak Baru Markaz Syariah FPI vs PTPN VIII, Begini 3 Faktanya",Negatif
Jabar Hari Ini: Kota Mati Tommy Soeharto-Sosok Tuyul Terkuak,Negatif
Puluhan Jabatan Direktur di PTPN Dihapus,Negatif
"Dikukuhkan Jadi Guru Besar USU, Muryanto Amin Bicara Transformasi Parpol",Positif
Makin Panjang Perseteruan Gubsu Edy Vs Walkot Bobby,Negatif
"Alih Fungsi Lahan di Puncak Disorot Gubernur Jabar, PT Jaswita Angkat Bicara",Positif
Kepala BP2MI Buka Opsi Moratorium Kirim Pekerja ke Malaysia,Positif
"Usai Bunuh Mahasiswa Unej, Pelaku Nikah-Kabur ke Bali Hingga Tertangkap",Negatif
"Erick Ingatkan Bersih-bersih Dapen BUMN Bukan soal Penjarakan Oknum, tapi...",Negatif
"Festival Cokelat Glenmore, Angkat Potensi Cokelat Terbaik Dunia di Banyuwangi",Positif
Pupuk Indonesia Ajak UMKM Perluas Pasar Lewat PaDi UMKM Expo 2023,Positif
Terungkap! Penyebab Jokowi Marah soal Lahan untuk Investor,Negatif
Bangga! RI Punya Juara Kedua World Cup Tasters Championship 2023,Positif
Daftar 6 BUMN yang Punya Utang Menggunung,Negatif
Erick Thohir Lapor ke Jokowi 79 Proyek Strategis Garapan BUMN Beres,Positif
"Wisata Kota Tua Surabaya Mulai Direvitalisasi, Kawasan Eropa Dipercantik",Negatif
"PTPN Group di 2021-2024 Raih Laba Rp 14,9 T",Positif
"Jalan Penghubung Tapsel-Madina Putus, Mobil Tak Bisa Lewat",Positif
"Kelompok Tani di Rohul Dapat Kucuran Rp 1,3 M Untuk Pulihkan Ekonomi",Netral
Rencana Besar Erick Thohir 'Gabungkan' BUMN Pangan dan Perkebunan,Negatif
Ngonten di Tower Sutet Ala Deni yang Berujung Petaka,Negatif
Warga Demo Tolak Lahan Sawit di Enrekang gegara Dianggap Rugikan Petani,Negatif
"Tingkatkan Produktivitas, PTPN VIII dan Serikat Pekerja Buat Kesepakatan",Positif
Menimbang Waktu yang Tepat Bagi Pabrik Migor BUMN Melantai di Bursa,Netral
PTPN III Minta Rp 4 T Buat Peremajaan Sawit hingga Perbaiki Jalan,Negatif
2 Direktur Anak Perusahaan BUMN di Sumut Diduga Ditusuk Orang Tak Dikenal,Negatif
"Barata Tambah Daftar BUMN yang Punya Utang Segunung, Tembus Rp 3,47 T",Netral
Bocoran Terbaru soal Jumlah BUMN Mau Dipangkas Jadi 30,Negatif
Program-Capaian Bahtiar Baharuddin 8 Bulan Jabat Pj Gubernur Sulsel,Negatif
"Tahun Depan RI Tak Impor Gula, Zulhas Mau Belajar dari Vietnam-Brasil",Netral
Cara Pertamina Manfaatkan Potensi Energi Baru Terbarukan,Positif
7 Wisata Alam Indonesia yang Lagi Hits dan Terbaru di 2023,Netral
Kronologi Lengkap Penemuan Bungkusan Pipa-Jam di Dekat Denpom Solo,Positif
"Jokowi Tambah 13 Proyek Strategis Baru, Ada yang di IKN",Netral
Respons PT Jaswita Jabar Usai Hibisc Fantasy Dibongkar,Positif
"Eks Dirut PTPN III Didakwa Terima Suap dari Pengusaha Pieko Rp 3,5 M",Positif
"Diduga Strok, Kepala Bapenda Subang Kecelakaan Tabrak Mobil-2 Motor",Negatif
Ricuh! Petani Korban Penggusuran Demo Kantor Bupati Enrekang,Negatif
"Rekayasa 'Ganja Tak Bertuan', 8 Oknum Polisi di Sumut Divonis 10-20 Tahun Bui",Netral
"Harga Gula Tingkat Petani Rp 11.500/Kg, di Konsumen Rp 13.500/Kg",Positif
Resmi! Amran Sulaiman Jadi Mentan Gantikan SYL,Positif
"Usai Lapak PKL Dibongkar, Kini Vila Liar di Puncak Disasar",Negatif
"Menaker Puji Perjanjian Kerja Bersama PTPN III & FSBUN, Ini Harapannya",Positif
"Bersama MarkPlus, Pemkab Musi Luncurkan Buku Musi Banyuasin 2030",Netral
Tuntutan Penjara 2 Tahun untuk Samsul Tarigan,Negatif
Bupati Batu Bara Marah Proyek Parit Mepet ke Badan Jalan-Bahayakan Pengendara,Negatif
Pengusaha Sarankan BUMN Kuasai Kebun Sawit RI Biar Minyak Goreng Murah,Netral
Teten Klaim Chef Juna Puji Kualitas Minyak Makan Merah,Positif
"Soal FPI atau Front Persatuan Islam, BPN: PTPN Minta Tanah Dikembalikan",Positif
"BUMN Dapat Suntikan Rp 57 Triliun, Buat Apa Saja?",Netral
"Tekan Impor, RI Gandeng Qatar Kerja Sama Garap Industri Susu Lokal",Netral
Terabas Desa Terisolir Lokasi Longsor Bogor Pakai Motor Off Road,Netral
"Mau IPO Rp 10 T, PalmCo Bakal Bangun Pabrik Minyak Goreng",Netral
Sejarah RS Pemerintah Pertama di Medan dan Pergantian Nama dari Masa ke Masa,Netral
"Nekat Panjat Sutet Buat Selfie, Pria Garut Kesetrum Hingga Gosong",Positif
"Banjir Bandang di Puncak Bogor, Warga Diungsikan ke Wisma PTPN",Negatif
"6 Fakta Menarik Gunung Semeru, Yuk Cari Tahu Sebelum Mendaki",Negatif
Daftar Terbaru Komisaris BUMN yang Resign Usai Masuk Timses Capres,Negatif
"BUMN Kebun Bentuk PalmCo, Pasokan Minyak Goreng Dijamin Aman?",Negatif
PTPN IV Bantah Racuni Puluhan Lembu Warga di Asahan,Negatif
Petani Kopi Perlu Waspadai Ancaman Iklim Ini Biar Tetap Cuan,Negatif
"Pelajar di Sumut Tewas Ditembak, Polisi Buru Pelaku",Negatif
Pihak HRS Siap Hadapi 29 Laporan PTPN VIII soal Lahan Megamendung,Positif
PTPN VIII Tak Ambil Pusing Tim Rizieq Sowan Kantor Mahfud soal Markaz Syariah,Negatif
Tim Markaz Syariah FPI Ogah Tanggapi Klaim PTPN VIII soal Sengketa Lahan,Negatif
"PalmCo Garap Kebun Sawit Terluas di Dunia, Ini Strateginya",Netral
Pilunya Warga Labuhanbatu Tewas Tersambar Petir saat Lomba HUT RI,Negatif
"Kurangi Emisi, Pupuk Indonesia Dukung Pilot Proyek Perdagangan Karbon",Positif
Warga di Asahan Demo Kantor Kebun Sawit Buntut Puluhan Lembu Mati Diduga Diracun,Negatif
Jabar Hari Ini: KKN 10 Tahun Lalu Antarkan Kamil Nikahi Khansa,Positif
Jokowi Minta Gubernur-Bupati Tentukan Lahan Relokasi Korban Longsor Bogor,Negatif
"Dampak Ledakan Pabrik Bioetanol di Mojokerto, Sejumlah Rumah Warga Rusak",Negatif
"Pakai Batik Kuning, Sahrul Gunawan Sambut Kunjungan Wabup Bantul",Netral
Aksi BUMN Dorong Pengembangan Infrastruktur Hijau,Positif
KPK Panggil Direktur PTPN XI Terkait Dugaan Korupsi Pengadaan Lahan Tebu,Netral
"Bupati Batang Ibaratkan Mudahnya Izin: Datang Bawa KTP, Pulang Bawa Motor",Negatif
"4 Truk-2 Minibus Kecelakaan Beruntun di Jambi, 2 Rumah Rusak",Netral
Sentul City Respons Aksi Marah-marah Brigjen Tumilaar soal Lahan Warga,Positif
Sederet Wisata dan Karnaval yang Jadi Daya Tarik Jember,Positif
Ada Kisah Menyeramkan di Balik Pembangunan Rumah Peninggalan Meneer Belanda,Netral
Pj Gubernur Sulsel Minta BPN Urus Aset Tanah Warga Terdampak Banjir-Longsor,Negatif
"Dear Mahasiswa Unimed, Lakukan Hal Ini Jika Mau Dapat Beasiswa",Positif
Rapim TNI AD Bahas Pesan Prabowo soal Ketahanan Pangan-Batalion Kesehatan,Positif
Pembangunan Huntap Penyintas Pergerakan Tanah Sukabumi Disetop,Netral
"Jaksa Tuntut Samsul Tarigan 2 Tahun Penjara, Perintahkan Segera Ditahan",Negatif
Polisi Ungkap 1 Hektare Ladang Ganja di Perbukitan Bandung,Negatif
Bey Prioritas Keselamatan Warga Terdampak Bencana di Sukabumi,Negatif
Erick Thohir Ungkap Rahasia Krakatau Steel Untung Rp 1 T,Netral
Bupati Sukabumi soal Aktivitas Tambang Jadi Penyebab Bencana,Negatif
Polisi Ungkap Sopir Pukul Kepala Pensiunan PTPN V hingga Tewas Pakai Asbak,Negatif
"Protes Jalan Rusak, Warga Labuhanbatu Tanam 1.000 Pohon",Negatif
"Terungkap! Luasan Agrowisata di Puncak Melebihi Batas, Diduga Sebabkan Banjir",Negatif
"Sukses Transformasi, PTPN Dulu Rugi Kini Untung Terus",Netral
Trik Belanda Tutupi Kerusakan Jalan di Cipetir Sukabumi,Negatif
Implementasi Cofiring PLTU Dinilai Tingkatkan Skala Ekonomi Biomassa,Positif
"Imbas Longsor, 2.194 Rumah di Bogor Direlokasi",Netral
Tim Satgas Pangan Sumut Minta PTPN II Lelang Gula Rp 11.200/kg,Negatif
Profil Dirut Berdikari yang Dicopot Erick Thohir Buntut Pistolnya Meletus di Bandara,Netral
"Produksi Gula RI Ditargetkan 2,7 Juta Ton di 2025, Tertinggi Sepanjang Sejarah",Positif
"Targetkan Kenaikan Bongkar Muat, Pelindo I Keluarkan Jurus Ini",Negatif
Kejati Sulteng Usut Dugaan Korupsi PT RAS Morut Caplok Kawasan HGU PTPN XIV,Negatif
"Pemerintah Guyur BUMN Rp 75 T Sepanjang 2020, Ini Rinciannya",Netral
"BUMN Penghasilan Rp 50 M ke Bawah Mau Dijual, Arya Sinulingga: Banyak!",Positif
"Walkot Semarang Imbau Warga Tak Beli Bahan Pokok Berlebih, Ini Alasannya",Negatif
"RI Targetkan Swasembada Gula di 2025, BUMN Bisa Apa?",Netral
"Ada BUMN 'Nakal' Lelang Gula di Atas HET, Bakal Kena Sanksi?",Negatif
Penangkapan Spesialis Curanmor di Lampung Diwarnai Baku Tembak,Negatif
Bupati Ipuk Optimalisasi Layanan Publik Saat Ngantor di Desa Ujung Selatan,Negatif
"Yuk Menikmati Suasana Desa 'Coklat' di Banyuwangi, Suejuk Masszzeh!",Positif
Wamen BUMN Resmikan 3 Pembangkit Tenaga Biogas di Riau,Positif
"Nambah Lagi, 7 Dapen BUMN Bakal Dilaporkan ke Kejaksaan Agung",Positif
"Mau Geser Impor BBM, Erick Thohir Genjot Produksi Etanol",Netral
Kabar Baik! Harga Sawit di Riau Pekan Ini Tembus Rp 2.552/Kg,Positif
KPK Panggil Eks GM Pabrik terkait Kasus Pengadaan Mesin Giling Tebu PTPN XI,Negatif
Duh! Deni Luka Bakar 80 Persen Akibat Panjat SUTET demi Konten,Negatif
Sub Holding BUMN Sawit Bakal Genjot Hilirisasi Minyak Goreng,Positif
Polda Jambi Geledah Kantor PTPN VI Jambi Usut Dugaan Korupsi Mark Up,Negatif
Lokasi Temuan 206 Granat Tangan Aktif di Banyuwangi Bekas Basecamp Belanda,Positif
"Pemerintah Akan Bentuk Satuan Pelayanan Gizi, Anggaran Rp 11 Miliar",Positif
"Erick Ungkap Dana Pensiun BUMN Bikin Kerugian Negara Rp 300 M, Ini 5 Faktanya",Negatif
Populer: Kota Mati Tommy Soeharto di Karawang,Netral
Konsesi Kereta Cepat JKT-BDG Diminta Jadi 80 Tahun karena Lama Balik Modal?,Negatif
Lahan Warpat Puncak Bakal Disulap Jadi Anjungan Pandang,Positif
SPBUN Tegaskan Tak Ada Sengketa Lahan Antara Warga dan PTPN,Netral
"Kejar Target Swasembada Gula 2025, PTPN Perluas Lahan Tanam Tebu",Netral
Sekdes soal Ibu Ngaku Curi Sawit untuk Beli Beras: Dia Punya 2 Motor,Negatif
8 Rekomendasi Wisata Sejarah dan Warisan Budaya di Surabaya,Netral
"Banjir Bandang Terjang Puncak, Agro Wisata Gunung Mas Tutup Sementara",Negatif
Jampidum Kejagung: Masih Ada Mafia Tanah di Kantor BPN!,Negatif
"Remaja di Riau Viral Hina Jokowi, Ditangkap Lalu Kena Wajib Lapor",Negatif
Begini Kondisi Suram PTPN Sebelum 'Diutak-atik' Erick Thohir,Negatif
"Erick Thohir Mau Bikin Klaster Pangan, Apa Maksudnya?",Netral
Penataan Bekas Lapak PKL di Puncak: Dibangun Pedestarian Hingga Anjungan Pandang,Positif
HRS Merasa Dibungkam Saat Sengketa Markaz Syariah Dibawa ke Polisi,Netral
"Sawit Laris Manis, Holding Perkebunan Cuan Rp 3,8 Triliun",Negatif
"KM Kelud yang Bawa ABK PDP Corona Tiba di Medan, 35 Penumpang Dikarantina",Netral
"Sengketa Lahan PTPN vs Markaz Syariah, Ekspor Benur Minta Disetop",Netral
"Temui Warga Onggoboyo, Mas Dhito Janji Hadirkan Akses Jalan-Air Bersih",Positif
"Mau Digabungkan dengan Bulog dan RNI, Bos PTPN Setuju?",Netral
Pabrik Migor Berkapasitas 2.500 Ton/Hari Dibangun di KEK Sei Mangkei,Netral
Pj Gubernur Sulsel Minta Penyuluh Petani Cari Lahan 2 Ha untuk Tanam Pisang,Negatif
"PTPN Somasi Markaz Syariah, FPI: Siap Lepas Lahan, Silakan Ganti Rugi",Negatif
Samsul Tarigan Tak Ditahan di Kasus Penguasaan Lahan yang Rugikan PTPN Rp 41 M,Netral
"Dividen BUMN ke Negara Terkumpul Rp 35,5 T, Pertamina Belum Setor",Netral
Ketika Menko Mahfud Wacanakan 'Ponpes Bersama' Markaz Syariah,Negatif
"Petani Keluhkan Harga Pupuk Naik, Jokowi Sebut Gara-gara Perang",Netral
KPK Tetapkan Eks Direktur PTPN XI Jadi Tersangka Korupsi Mesin Giling Tebu,Negatif
Kejati Kalbar Tahan 5 Tersangka Korupsi Penanaman Kelapa Sawit di PTPN XIII,Negatif
BI Dorong Pemprov Jabar Terus Kawal Komitmen Investor di WJIS 2020,Positif
Ranca Upas Dibuka Lagi untuk Wisatawan,Netral
"Pembelian Lahan dari Petani Disebut Salah, Ini Kata Markaz Syariah",Negatif
"Kebut Target Swasembada Gula, Sugar Co Gandeng Swasta Sudah Tepat?",Netral
"Mau Fokus Bisnis, BUMN Pangan Lanjut Jualan Kondom Meong?",Positif
"Pensiunan TNI Dibacok di Areal Perkebunan di Siantar, Pelaku Ditangkap",Negatif
Gubsu Edy: Aku Nggak Peduli Bobby Siapa!,Netral
"Diluncurkan Bulan Ini, BBM Bioetanol Berbasis Tebu Lolos Uji Coba 500 Km/Hari",Netral
Kambing-kambing Warga Bondowoso Kembali Ditemukan Mati Misterius,Positif
Erick Bongkar Penyelewengan Dapen BUMN Rp 300 M: Dirampok Oknum Biadab!,Negatif
"Waspada, 7 Wilayah di Kabupaten Blitar Rawan Bencana!",Negatif
"Beredar Bocoran Draft Perpres Industri Gula, Petani: Mau Swasembada atau Monopoli?",Positif
Masyarakat Tak Boleh Kuasai Lahan PTPN Tanpa Restu Menteri BUMN,Positif
"5 Hari Hilang, Nenek 80 Tahun Ditemukan Tewas di Perkebunan Tuntang",Netral
"7 Dapen BUMN 'Sakit' Lagi Diaudit, Kelar Awal 2024",Netral
Jurus PTPN di Gunung Mas Bisa Jadi Contoh Penanggulangan Sengketa Lahan,Positif
"Kereta Cepat Jakarta-Bandung Punya 4 Stasiun, Ini Daftarnya",Negatif
Bos PTPN Sebut Subholding Palm dan Supporting Terbentuk 2 Pekan Lagi,Positif
"Laporan PTPN VIII, Polda Jabar: Ada SHGU Dikuasai Pihak Lain",Positif
"Biar Nggak Disomasi Seperti Markaz Syariah, Pahami Aturan Garap Lahan HGU",Netral
"Pemerintah Akan Atur HAP Gula, Begini Respons Petani Tebu Sumut",Positif
"Jadi Ujung Tombak Pemerintah Tekan Polusi, BUMN Siap?",Negatif
"Sepekan Dirawat, Gajah Sakit Bagian Mulut di Aceh Timur Mati",Negatif
Jabar Hari Ini: Kasus Positif dan Kematian Melonjak-29 LP Lahan Megamendung,Positif
Bongkar Silu Ekonomi RI hingga Balada Proyek Kereta Cepat,Negatif
KPK Cegah 5 Orang ke Luar Negeri Terkait Korupsi Lahan Tebu,Netral
Respons Menteri Hadi soal Mahfud Temukan Mafia Tanah di Deli Serdang,Positif
"Harimau Berkeliaran di Siak, BBKSDA Riau Pasang Perangkap dan Kamera",Positif
Sepak Terjang GPX Rizaa di Ranah Esports Free Fire,Negatif
3 Gudang Tembakau di Jember Ludes Terbakar,Negatif
"Balik Modal Ditarget 38 Tahun, KCIC Minta Konsesi Kereta Cepat 80 Tahun",Negatif
BPN: Penguasaan Tanah oleh PTPN Tak Ada Hubungan dengan HGU,Positif
PTPN Bakal Tindak Tegas Pimpinan Perseroan yang Terbukti Korupsi,Negatif
Mengkhawatirkannya Komoditas Karet di Jabar,Positif
Ini Kesimpulan Polisi Penyebab Ledakan di Pabrik Bioetanol Mojokerto,Netral
"PTPN Somasi Markaz Syariah, Ini Respons Komisi II DPR",Positif
"Disinggung DPR Saat Raker dengan Kapolri, Ini Kata Sentul City",Netral
Pemotor Ibu-Anak Tewas Ditabrak Truk Saat Hendak Putar Balik,Negatif
Fakta Holding PTPN: Transformasi Menyeluruh Berhasil Tingkatkan Kinerja Perseroan,Positif
Bahtiar Jadikan Bone Pusat Persemaian Bibit Pisang Kapasitas 40.000 di Sulsel,Positif
Klaim Pj Gubernur Sulsel Budi Daya Pisang akan Serap 400.000 Tenaga Kerja,Positif
"Kereta Cepat JKT-BDG: Studi Awal Jepang Malah Digarap China, Eh Biaya Bengkak",Negatif
"Di Tengah Pandemi, Banyuwangi Ekspor 600 Ton Kopi ke Eropa",Negatif
Langkah Erick Thohir Pangkas Direksi PTPN Sempat Bikin Ribut,Netral
"Harga BBM Naik, Erick Thohir Minta Direksi Pertamina Siaga 3 Hari!",Netral
Pegiat Lingkungan Ungkap Penyebab Banjir di Lembang Bandung Barat,Negatif
PalmCo Bisa Jadi 'Senjata Ampuh' Jaga Pasokan Minyak Goreng?,Netral
"Beda dengan RI, Malaysia Setop Proyek Kereta Cepat Saat Biayanya Bengkak",Negatif
BUMN Dapat Tambahan Dana Talangan Hingga Rp 10 T,Positif
Kasus Baru Bikin IRT Tipu Warga Modus Masuk TNI/Polri Sandang 2 Status Tersangka,Negatif
Penyebab Kakek Pedagang Sayur di Labuhanbatu Ditikam Tetangga hingga Tewas,Positif
"PTPN Bangun 3 Pembangkit Biogas, Kejar Target Pengurangan Emisi 29%",Negatif
"Kematian COVID-19 di Jatim Lebih 300 per Hari, Satgas: Varian Delta Ganas",Negatif
"Target Produksi Gula 1 Juta Ton, PT SGN Ungkap Strateginya",Positif
"Disebut Botak, Ini Kata Polisi yang Viral Ambil Bendera Merah Putih di Selokan",Negatif
RI Maksimalkan Peran BUMN Geber Swasembada Gula hingga Energi,Positif
"Dipinjami Lahan oleh PTPN VIII, Pemkab Bandung Bangun RSUD-Puskesmas",Negatif
Menyusuri 'Kota Mati Tommy Soeharto' di Karawang,Negatif
"Gandeng Jepang, Holding Perkebunan Bikin Pabrik Bahan Bakar dari Limbah Sawit",Negatif
"Setelah 4,5 Jam, Bertemu Emak-emak Pemburu Tempat Viral di Rumah Surga Cianjur",Positif
Bos PTPN III Targetkan Swasembada Gula Konsumsi di 2028,Positif
Kebakaran Kebun Tebu di Mojokerto Tewaskan Seorang Petani,Negatif
PTPN XII Bantah Banjir Bandang Kalibaru Disebabkan Alih Fungsi Lahan,Negatif
Sejarah Bekas Balai Penelitian Tembakau Deli Jadi Kantor Gubernur Sumut,Negatif
Patung Soekarno Setinggi 100 Meter Bakal Mejeng di KBB,Negatif
"Duduk Bareng 2 Menteri hingga Kepala Bapanas, Petani Tebu Minta Ini",Netral
3 Fakta 'Kota Mati Tommy Soeharto' di Karawang,Negatif
"Petani Maiwa Tolak Perkebunan Sawit di Enrekang, Demo Kantor ATR/BPN-DPRD",Negatif
"Banjir Bandang di Puncak, Pemkab Bogor Minta BIG Cek Konstruksi Tanah",Negatif
"Dorong Transisi Energi, Pertamina Bangun PLTS Atap di 63 SPBU",Positif
Penjelasan PTPN VIII Soal Kebun Ganja di Lahannya,Negatif
"Obok-obok Sejumlah Ruangan, KPK Periksa Dirut PTPN XI Surabaya",Negatif
Permukiman Terdampak Banjir Bandang di Bandung Bakal Direlokasi,Negatif
Duduk Perkara 4 Petani Garut Diadili gegara Babat Pohon Versi Jaksa,Negatif
"Tekan Impor Gula, Kementan Dukung Revitalisasi Tebu di Jatim",Positif
Erick Thohir Bakal Sikat Pegawai Nakal di BUMN Pangan,Netral
"Galian Tanah Bikin Kotor Jalan, Dedi Mulyadi Ngamuk Ancam Palangkan Mobil",Negatif
"Dipangkas Erick Thohir, Puluhan Jabatan Direksi PTPN Hilang!",Negatif
Kejari Simalungun Hentikan Penuntutan 5 Tersangka Pencurian Kelapa Sawit,Negatif
Tempat Peristirahatan Terakhir Bosscha yang Masih Terjaga,Negatif
"5 Wisata Agro di Jawa Barat, Sejuk Banget Gaes!",Positif
"BUMN Diguyur Rp 57 T, Bagaimana Pengawasannya?",Netral
DPR-Erick Thohir Rapat Bahas Suntikan Modal Negara dan IPO BUMN,Positif
"Harga Sawit Riau Naik Lagi, Pekan Ini Rp 2.889/Kg",Positif
Pencari Madu di Banyuwangi Tewas Tersengat Tawon dan Jatuh dari Pohon,Negatif
Pria di Tanah Laut Bunuh Istri Pakai Pemotong Sawit gegara Cemburu-Ngomel,Negatif
"Daftar 15 Cagar Budaya Nasional 2022, Ada Gedung Bank Indonesia",Netral
"Vonis Disunat Jadi 4 Tahun, Eks Dirut PTPN III Jalani Pidana di LP Sukamiskin",Negatif
Petani Lamongan Sambat Solar Langka-Gabah Murah ke Erick Thohir,Negatif
Komeng Minta Tak Ada Pilih Kasih Tertibkan Bangunan Langgar Aturan di Puncak,Negatif
"China Lockdown, Harga TBS di Riau Tertekan",Positif
"Erick Thohir: Banyak Perusahaan Kontrol Bibit Sawit, BUMN Sebar Buat Petani",Netral
Perjalanan Kereta Cepat: 'Ditikung' China Hingga Biaya Proyek Bengkak,Negatif
"Anak Usaha BUMN Bakal Jadi Pengelola Perkebunan Terbesar, Begini Kesiapannya",Negatif
"8 Oleh-oleh Khas Jember, dari Olahan Tape hingga Cerutu",Positif
"Surabaya Punya 2 Cagar Budaya Nasional Baru, Aktivis Soroti 'yang Hilang'",Netral
"Ada Temuan 2 Dapen Terindikasi Fraud, Wamen BUMN Ungkap Modusnya",Netral
Polri Jelaskan Program Rekrut Bintara Pertanian Dukung Ketahanan Pangan,Positif
Polisi Endus Kejanggalan dari Kasus Mayat dengan Luka Gorok di Garut,Negatif
"Erick Thohir Temukan 'Harta Karun' RI, Apa Itu?",Positif
Jenazah Pembunuh Mama Muda di Padalarang Ditolak Warga!,Negatif
Penampakan Nonik Bergaun Eropa-Pesta di Rumah Peninggalan Meneer,Positif
KPK Tetapkan 3 Tersangka Korupsi Pembelian Lahan PTPN XI Rugikan Rp 30 M,Negatif
PSMS Menang 3-0 dari PS PTPN III di Laga Uji Coba Jelang Liga 2,Positif
"Erick Thohir: Banyak Dana Pensiun Jadi Tempat Korupsi, Tagihan Tak Terbayar",Negatif
Menikmati Desa Coklat di Banyuwangi,Positif
Revitalisasi Industri Gula Targetkan Swasembada untuk Konsumsi 2028,Netral
Warga Luwu Timur Nginap di Kebun Sawit Buntut Sengketa Lahan dengan PTPN,Netral
Ini Analisis PVMBG soal Penyebab Banjir Bandang di Gunung Mas Bogor,Netral
"Masalah Sepele, Sekuriti PTPN di Batanghari Tewas Ditikam Teman Kerja",Positif
Strategi Putri Karlina Maksimalkan Potensi Akar Wangi Garut,Positif
"Luhut Rapat Bahas Pariwisata Borobudur, Apa Hasilnya?",Positif
PTPN VIII Sudah Kirim Somasi ke Pihak Penguasa Lahan di Megamendung,Positif
"Dampak Karhutla di Kabupaten OKI, KLHK Segel Lahan Sawit Milik PT SA",Netral
"5 Wisata Alam Pangalengan Bandung, Cocok untuk Liburan Keluarga",Netral
PB PASI Bakal Punya Stadion Atletik Baru,Netral
"Sejarah Panjang Kopi Bondowoso, Mulai Tanam Paksa hingga Tuai Reputasi",Netral
"Warga Masjid Minta Lahan untuk Makam, Gubsu Edy Telepon Direktur PTPN",Positif
Surharnomo Resmi Jabat Rektor Undip Periode 2024-2029,Netral
Dilihat-dilihat! Ini 7 Produk BUMN Paling Top Pekan Ini,Positif
Polda Jambi Jelaskan Duduk Perkara Pemeriksaan Dahlan Iskan,Negatif
"Qatar Mau Bangun 1 Juta Rumah di RI, Ini Lokasinya",Positif
Kisah-kisah Mistis Pabrik Karet Tjipetir di Sukabumi,Netral
"Penantian 26 Tahun, Sengketa Tanah Kebun Kalibakar Malang Berakhir Damai",Negatif
"Curi 3 Tandan Sawit, Ibu di Rohul Riau Divonis Bersalah",Negatif
3 Area Terbengkalai di Jabar: Jadi Buruan Pehobi Wisata Horor,Netral
"Jelang Ramadan, Stok Daging hingga Gula di Sulsel Kian Menipis",Netral
DPR Panggil Bos-bos BUMN Bahas Suntikan Modal hingga Utang,Negatif
"Libatkan Masyarakat Medan, Pegadaian Angkut 1,6 Ton Sampah di Sungai Deli",Negatif
Pesona Curug Cikondang yang Digadang-gadang Niagara dari Cianjur,Netral
"2 Tahun Absen Imbas Pandemi, Pameran Kerajinan UMKM Ini Muncul Lagi",Negatif
AR Hasibuan Tersangka di Polrestabes Medan Ternyata Sepupu Mayor Dedi,Netral
Pelukan Pria Tanah Laut ke Jasad Istri yang Ia Bunuh Pakai Pemotong Sawit,Negatif
"Jadi Dewan Pakar TKN Prabowo-Gibran, Budiman Sudjatmiko Mundur dari Komisaris BUMN",Negatif
Pemprov Dukung PTPN IV Regional III Wujudkan Swasembada Pangan Energi di Riau,Positif
"Harga TBS Sawit di Riau Naik Terus, Pabrik Ikut Aturan Main",Positif
Samsul Tarigan Didakwa Rugikan Negara Rp 41 M gegara Kuasai Lahan PTPN,Netral
"Dibina BUMN, Ridwan Kamil Proyeksikan BUMDes di Jabar Naik Kelas",Positif
"Sayang Banget, Wisata Alam Blitar Ini Tak Terawat dan Bau Tak Sedap",Positif
Mahfud Md Bicara Kemungkinan Markaz Syariah Diusulkan Jadi Ponpes Bersama,Netral
"Umbul Brintik Klaten, Umbul Kesehatan Favorit Sultan dan Dilirik Investor",Netral
Duduk Perkara Gubsu Edy Vs Bobby soal Karantina WNI dari Luar Negeri,Negatif
RI Bakal Diguyur Gula Impor 215.000 Ton,Netral
"Begini Kondisi Taman Lili Suheri, Tempat Relokasi Merdeka Walk",Positif
"Setelah Batang, Jokowi Mau Bangun Kawasan Industri di Subang",Negatif
Bagaimana Rencana IPO PalmCo? Ini Penjelasan Dirut,Netral
Ini Jurus Pemerintah Tangkal Ramalan Krisis Pangan FAO,Negatif
"Jember Punya Wisata Kebun Teh lho, Sudah Tahu?",Netral
Pria Ini Gosong Tersengat Listrik Usai Panjat Sutet demi Ngonten,Netral
Janji Erick Thohir Sikat Habis Mafia Pupuk,Negatif
Warga Cianjur Serbu Operasi Pasar Minyak Goreng BUMN,Positif
"BUMN Perkebunan Geber Swasembada Gula, Begini Jurusnya",Negatif
Mendikbud Tetapkan 2 Benda-3 Bangunan di Jatim Jadi Cagar Budaya Nasional,Netral
"Camping Embun, Cara Banyuwangi Urai Masalah Adminduk di Hutan-Perkebunan",Negatif
Naik Drastis! Harga Sawit di Riau Pekan Ini Rp 2.865/Kg,Positif
"Habib Rizieq Singgung Lahan PTPN Telantar, Bagaimana Status HGU-nya?",Negatif
"Divonis 16 Bulan Penjara soal Kuasai Lahan PTPN di Binjai, Samsul Tarigan Banding",Netral
"Bikin Pabrik di Surabaya, BUMN Ini Jadi Produsen Minyak Goreng Terbesar RI",Netral
"7 BUMN Keroyokan Beri 'Kado' Buat Petani, Erick Thohir Minta Hal Ini",Positif
Busyro Sindir Aksi Bagi-bagi Jabatan Komisaris di Pemerintahan Jokowi,Negatif
Andre Rosiade Apresiasi Erick Tuntaskan Restrukturisasi Kredit PTPN,Positif
Pabrik Sawit di Riau Gandeng BRIN Riset Biogas Kombinasi Limbah Sawit Perdana,Netral
1 Keluarga Korban Banjir Bandang Puncak Masih Bertahan di Pengungsian,Negatif
"Mau Dijual, BUMN Apa Sih yang Punya Penghasilan di Bawah Rp 50 Miliar?",Positif
Karyawan PTPN V Jadi Tersangka Karhutla di Riau,Positif
Laporan Warga Sumut terhadap Gubsu Edy Diterima KPK Sejak 13 Februari,Positif
"KCIC Minta Konsesi Jadi 80 Tahun, Menhub: Bisa, Tapi ...",Netral
Rizky Tewas dalam Laka 'Adu Kambing' dengan Mobil Double Cabin di Jambi,Negatif
Stafsus Erick Thohir Ungkap Nama Komisaris BUMN yang Mundur Ikut Timses Capres,Netral
Teten Masduki: BUMN yang Serap Produk UMKM Masih Kecil,Positif
"PTPN V Catat Laba Rp 1,3 T, Tumbuh 312 Persen di Tengah Pendemi",Positif
Pertamina-PTPN Kerja Sama Produksi Energi Biometan Pakai Limbah Sawit,Positif
"Jokowi Kunker ke Jatim, Kunjungi Pabrik dan Lahan PTPN X di Mojokerto",Netral
"27 Wisata Lampung, Ada Pulau yang Belum Berpenghuni!",Netral
Pahala Mansury Mau Hapus Anggapan BUMN Kuasai Banyak Proyek,Netral
7 Anggota Geng Motor Latihan Fisik di Deli Serdang Jadi Tersangka,Negatif
"PalmCo Mau Tekan Emisi hingga 40%, Begini Caranya",Netral
Pemkab Bogor Pastikan Izin Eiger Adventure Land di Puncak Bogor dari Kemenhut,Negatif
"Banjir Bandang di Gunung Mas Puncak, BPBD Jabar: Nihil Korban Jiwa",Negatif
"Jalan-jalan di Serpong, Tapak Tilas Sejarah Tangsel",Netral
"Naik Tipis, Harga Sawit di Riau Pekan Ini Rp 2.805/Kg",Positif
"Usut Dugaan Kongkalikong Harga Gula, KPPU Cek Data ke BUMN",Negatif
"Majikan Malaysia Siksa PMI Selama 13 Bulan, BP2MI Anggap Penghinaan Bagi RI",Negatif
Ini Kriteria BUMN yang Bakal Dihapus Erick Thohir,Negatif
Laris Manis! RI Jual Teh ke Malaysia Rp 57 Miliar,Positif
Erick Beri Kisi-kisi Soal Dugaan Korupsi di PTPN dan Krakatau Steel,Negatif
Segarnya Mandi-mandi di Kolam Mata Air Pemandian Alam Sejuk Simalungun,Negatif
Kebijakan Plin-plan Jokowi: Tax Amnesty Jilid II-Kereta Cepat Pakai APBN,Negatif
4 Orang Terlibat Kasus Remaja Tewas Ditembak di Sergai Ditangkap,Negatif
Sah! Eks CEO PTPN V Riau Ditunjuk Jadi Dirut PalmCo,Negatif
"BPK Temukan 13 BUMN Terima PMN 10 T Belum Tuntas, Ini Kata Stafsus Erick",Positif
DPRD-Aktivis Soroti 12 Petani di Sukabumi yang Dipolisikan PTPN,Netral
Pj Gubernur Ajak Pelaku Produksi Wujudkan Jatim Swasembada Gula,Positif
IBC Gandeng PTPN-INKA Geber Penggunaan Baterai & Motor Listrik,Negatif
Blak-blakan Brigjen Tumilaar Marah ke Sentul City soal Lahan-Preman,Negatif
3 Pekerja Pabrik Bioetanol Mojokerto Tewas Saat Bersihkan Kolam Pengendapan,Netral
Profil Prof Suharnomo Rektor Baru Undip Semarang,Netral
"Erick Thohir Mau Konsolidasi 24 Rumah Sakit BUMN, Ini Daftarnya!",Positif
Segini Luas Lahan yang Diklaim PTPN 'Diserobot' Markaz Syariah Habib Rizieq,Netral
Mengenal Kopi Ijen yang Punya Cita Rasa Kacang-kacangan dan Cokelat,Netral
Tim Markaz Syariah Habib Rizieq Jawab Somasi PTPN VIII Senin Depan,Negatif
DJKA Kemenhub Rampungkan Sertifikasi 698 Bidang Tanah di Sumut,Positif
BUMN Perkebunan Cari Jurus Jitu Biar Nggak Dilibas Zaman,Negatif
Pemkab Lumajang Persiapkan Pencegahan Covid-19,Netral
"Tak Jadi Dana Talangan, KAI hingga Perumnas Dapat PMN",Positif
KPK Usut Dugaan Korupsi Pengadaan Six Roll Mill Pabrik Gula Djatiroto PTPN XI,Negatif
"Warga Medan Sambut Kedatangan Presiden Jokowi, Jalanan Macet",Positif
Jaksa Ungkap Dirut PT PPI Sempat Pertanyakan Impor Gula Era Tom Lembong,Netral
"Ikut Hari Menanam Pohon, TASPEN: Ikhtiar Jaga Kelestarian Lingkungan",Netral
Dua BUMN Keroyokan Bikin 'Kota Mandiri' di Sumut,Negatif
Penampakan Karet Oblong yang Tewaskan Bocah di Dekat Pabrik Tjipetir,Netral
2 Pria Ditangkap Usai Peras Manajer Perkebunan Rp 30 Juta di Sergai Sumut,Negatif
Holding BUMN Perkebunan di Jambi Target Laba Rp 50 Miliar,Netral
"Biaya Bangun Kereta Cepat JKT-BDG Bengkak Terus, KCIC Buka Suara",Negatif
BUMN Perkebunan Ini Tembus Aturan Deforestasi Eropa,Netral
Kerangka Manusia Ditemukan Cerai-berai di Kebun Pinus Pekalongan,Positif
"Ribuan Peserta Ikuti Festival Akuatik 2023, Jadi Babak Kualifikasi PON 2024",Netral
"Erick Thohir: Saya Angkat Direksi Muda Bukan buat Gaya-gayaan, tapi...",Negatif
BUMN 'Nakal' Bikin Harga Gula sampai Rp 17.000/Kg,Netral
"Mahfud Bedah Kasus Mafia Tanah PTPN II, Ungkap soal Pemalsuan Surat",Negatif
Karet Tjipetir Sukabumi: Diangkut Titanic hingga Gegerkan Eropa,Positif
"Pantas Sering Impor, Pabrik Gula RI Banyak yang 'Bangkotan'",Negatif
Erick Thohir Rombak Direksi Holding Perkebunan,Negatif
Transformasi Bawa Produktivitas PTPN Meroket,Netral
Bos PalmCo Buka-bukaan Rencana Peremajaan Sawit hingga Kembangkan EBT,Positif
Blak-blakan Bos Holding BUMN Perkebunan Geber Transformasi,Netral
"Tahap Awal, PTPN Jual 40.000 Ton Gula Langsung ke Ritel",Positif
"Pemandian Air Panas Ciwalini, Kehangatan di Kebun Teh yang Dingin",Negatif
"PTPN vs Markaz Syariah, Sandiaga Uno Ungkap Hasil Pertemuan",Positif
Sederet Bos BUMN di Pusaran Kasus Korupsi,Netral
PTPN I Regional 4 Buka Suara Terkait Bareskrim Usut Korupsi Rp 871 M,Netral
Cerita Warga di Perbatasan Saat Pencoblosan Pilbup Bandung 2020,Negatif
Penjelasan HRS soal Markaz Syariah yang Berujung Somasi Penyerahan Lahan,Negatif
Kronologi Ledakan Pabrik Bioetanol di Mojokerto,Negatif
"RI Mau Komoditas Teh Rajai (Lagi) Pasar Global, Begini Jurusnya",Positif
"Program 3 Juta Rumah Diusulkan Jadi PSN, Nusron Beberkan Alasannya",Positif
"Erick Thohir Beberkan Rencana Garap RS Internasional, Gandeng Mayo Clinic",Netral
"Harga Sawit Moncer, Holding BUMN Perkebunan Untung Rp 3,3 Triliun",Netral
"Buat yang Berani Saja, Menyusuri Jembatan Gantung Rengganis",Negatif
"Erick Thohir Bingung Sawit Swasta Untung, PTPN Malah Punya Utang Rp 47 T",Negatif
"38 BUMN Buka Lowongan, Cek Info Lengkapnya di Sini!",Negatif
"Antisipasi Dampak Perang Iran Vs Israel, Erick Thohir Beri Pesan Khusus ke Pertamina-PLN",Negatif
"Permintaan Meningkat, Produksi Susu Dikebut BUMN",Netral
Peneliti Jerman Jejaki Kerjasama Alihkan Batu Bara ke Biomassa BUMN asal Riau,Positif
"Diduga Jadi Penyebab Banjir, 4 Tempat Wisata di Puncak Bogor Disegel!",Negatif
8 Bangunan Peninggalan Kolonial Belanda di Surabaya,Netral
Penyebab Banjir Bandang di Kalibaru Banyuwangi Alih Fungsi Lahan,Negatif
"Lahan PTPN Milik Negara, Tidak Boleh Ada yang Mengklaim!",Positif
"Erick Thohir Suka Rombak Jajaran, Apa Kata Bos Holding BUMN?",Netral
"Glenbaru, Wisata Baru Banyuwangi Tawarkan Jelajah Kebun-Situs Bersejarah",Negatif
"Lestarikan Danau Toba, Erick Thohir & BUMN Targetkan Tanam 460 Ribu Pohon",Netral
Cerita Dibukanya Situs Balekambang yang Tenggelam di Lebatnya Tanaman Kopi,Netral
Menteri PUPR Buka-bukaan Jokowi Marah soal Lahan buat Investor,Negatif
"Kejar Target Minyak 1 Juta Barel/Hari, SKK Migas Teken MoU dengan Sucofindo-PTPN",Netral
"Pabrik Pengemasan Teh Retail PTPN IV Produksi 1,2 Juta Kemasan Per Tahun",Positif
"Jadi Tokoh Inovatif Bidang Pertanahan, Menteri Hadi Geber Program PTSL",Netral
BUMN Perkebunan Pasok Daun Teh buat Starbucks,Netral
Erick Thohir Usut 'Dosa' Masa Lalu di PTPN dan Krakatau Steel,Negatif
"Kereta Cepat JKT-BDG: Molor, Biaya Bengkak Kini China Minta Pemerintah Talangi",Negatif
Menteri ATR Minta Korban Mafia Tanah Lapor: Kami Tak Segan untuk Gebuk!,Negatif
Pedagang Jual Pangan di Atas HET Bisa Dipenjara-Denda Rp 10 M,Positif
Moeldoko Akan Lapor Jokowi soal Hasil Pertemuan dengan Petani di Medan,Positif
"Jalan Kaki ke Jakarta, Petani Deli Serdang Adukan Konflik Tanah ke MPR",Negatif
"Siap-siap Saingan Minyak Goreng Curah Meluncur 2023, Namanya Sawit Merah",Netral
"Langgar Alih Fungsi Lahan di Puncak, Gubernur Dedi Segel 4 Bangunan",Negatif
"Menjajal Mudik Tak Biasa, Jalur Pansela Jalanan Paling Selatan Jawa",Negatif
Instruksi Terbaru Gubsu Hadapi Corona: Tolak PHK-'Keluyuran' Denda Sejuta,Netral
Penyebab Perum Karawang Baru Jadi 'Kota Mati Tommy Soeharto',Negatif
BUMN Sebar 40 Juta Liter Minyak Goreng Rp 14.000,Positif
"24 Tenant Ikut Bazar Ramadan Kejati Sulsel, Ada Sembako-Kue Lebaran",Netral
Profil Bobby dan Surya yang Bakal Dilantik Jadi Gubsu-Wagubsu,Positif
"Selidiki Laporan PTPN VIII Soal Penyerobotan Lahan, Polisi Cek TKP di Megamendung",Negatif
Menteri ATR: 25 Tahun Masalah Lahan PTPN di Megamendung Tuntas Hari Ini,Positif
"Holding Perkebunan Kumpulkan Vendor di Sumatera, Bahas Apa?",Netral
"Masa HGU Habis, Yang Mau Garap Izin Negara Dulu!",Negatif
Pemkab Setop Pembangunan Wisata yang Sempat Viral 'Rusak' Kebun Teh Puncak,Negatif
"Erick Thohir Mau Bikin Kopi RI Naik Kelas, Petani Makin Mudah Dapat Modal",Negatif
Pabrik Minyak Makan Merah yang Diresmikan Jokowi Bisa Produksi 7 Ton/Hari,Positif
"Mau Dialog dengan PTPN, Segini Lahan yang Diduduki Markaz Syariah",Netral
PTPN VIII Laporkan Habib Rizieq ke Bareskrim Terkait Lahan Megamendung,Positif
"Ditemukan Unsur Pidana pada Ledakan Pabrik Bioetanol, Ini Respons PT Enero",Positif
Spesialis Curanmor yang Baku Tembak dengan Polisi Ternyata Baru Tamat Sekolah,Positif
"BUMN Perkebunan Mau Jadi Perusahaan Kelas Dunia, Caranya Bagaimana?",Negatif
Polisi Buru Pembunuh Anggota Geng Motor di Bandung Barat,Negatif
Tim Asal Sumut Lolos Ke-32 Besar Liga 3 Nasional,Negatif
"Balai Pelestarian Kebudayaan Cek Situs Candi Bata di Batang, Ini Hasilnya",Negatif
"Video Banjir di Puncak, Gubernur Jabar Sindir PTPN Ganti Saja Jadi PT Pariwisata",Negatif
KPK Jelaskan soal Dugaan Korupsi Pengadaan Lahan Tebu PTPN XI Surabaya,Negatif
"Dukung IPO Palm Co, Andre Rosiade: Negara Tak Boleh Kalah dari Oligarki",Netral
Tim Markaz Syariah Habib Rizieq Sudah Jawab Somasi PTPN VIII,Negatif
"Jelaskan Alasan Kereta Cepat Didanai APBN, Arya Sinulingga: Jangan Dipelintir!",Netral
KPK Duga Kasus Pengadaan Mesin Tebu PTPN XI Rugikan Negara Rp 15 M,Negatif
KPK Panggil 6 Saksi Terkait Kasus Pengadaan Mesin Giling Tebu di PTPN XI,Positif
"Dukung Prabowo-Diultimatum PDIP, Budiman Sudjatmiko Punya Properti di Jaktim Rp 1,5 M",Positif
Fakta di Balik Viral Ibu Curi 3 Tandan Sawit Memelas Tak Punya Beras,Negatif
"Holding PTPN Kumpulin Inovasi buat Geber Perkebunan RI, Ini Hasilnya",Positif
"Harga TBS Sawit di Riau Naik Lagi, Berikut Rinciannya",Positif
Polisi Selidiki Temuan Kerangka Manusia Cerai-berai di Pekalongan,Positif
PTPN III Gandeng IPB Bikin Pabrik Pengolahan Sawit,Netral
"HRS Beli Lahan Markaz Syariah dari Petani, Pengacara: Ada Perjanjian Oper Garap",Netral
Awalnya Mau Disetop tapi Pemerintah Kini Impor Gula 200 Ribu Ton,Netral
"Program Kompor Listrik Batal, Proyek Ini Bisa Gantikan LPG?",Negatif
Bagaimana BUMN Kebut Swasembada Gula dan Sejahterakan Petani?,Netral
119 Hektare Lahan PTPN XII Diserobot Warga yang Terprovokasi Mafia Tanah,Negatif
Curhat Pekerja di Riau 3 Bulan Tak Gajian Usai Ketua Koperasi Jadi Tersangka,Positif
"10 Wisata di Pangalengan dan Ciwidey, Lengkap Nih dengan Harga Tiketnya",Positif
Jembatan Darurat Dibangun Buka Isolir 6 Kampung Terimbas Banjir di Banyuwangi,Negatif
PLN Beli Listrik dari Pembangkit Berbasis Ampas Tebu di Kediri,Negatif
Tim Hukum HRS: Surat Balasan dari PTPN soal Markaz Syariah Belum Kami Terima,Netral
"Gusur Lahan Warga di Enrekang, PTPN XIV Dilaporkan ke Polda Sulsel",Netral
"Tim Hukum HRS Mau Dialog Bareng PTPN soal Markaz Syariah, BPN: Bagus",Negatif
"Mulyadi Tewas, Penyidikan Kasus Pembunuhan Wiwin Disetop Polisi",Negatif
Puluhan Barista Adu Jago di Festival Kopi Nusantara Bondowoso,Netral
"Minyak Goreng Dipatok Rp 14,000, Holding Perkebunan Sebar 10.000 Liter",Negatif
39 Pejabat di Kemenkeu Rangkap Jabatan Jadi Komisaris BUMN-Swasta,Negatif
"2 Pria Curi Mobil di Binjai, Modusnya Pakai Wanita Minta Tumpangan",Negatif
"Diduga Tempat Prostitusi, Puluhan Warkop di Pantura Pemalang Dibongkar!",Negatif
"PLTS Sei Mangkei Diklaim Turunkan Emisi Gas Rumah Kaca 1,4 Ton CO2",Netral
Omset PTPN VI Jambi Tembus Rp 25 M dalam 4 Bulan,Positif
Menaker: Jangan Sampai K3 Dianggap Sebagai Penghambat Investasi,Negatif
Kemenhub Restui Konsesi Kereta Cepat JKT-BDG Diperpanjang Jadi 80 Tahun,Negatif
9 Korban Ledakan Pabrik Bioetanol di Mojokerto Masih Dirawat di Rumah Sakit,Negatif
"Kejurda Sprint Rally Sumut Dibuka, Ijeck Tercepat di Kelas M1 dan SC FFA",Negatif
Izin 8 Pabrik Sawit di Bengkulu Utara Terancam Dicabut,Negatif
Kejagung Tetapkan Surya Darmadi dan Eks Bupati Inhu Jadi Tersangka Korupsi,Negatif
Tim Markaz Syariah Habib Rizieq Buka-bukaan soal Somasi PTPN VIII,Negatif
Erick Thohir Copot Dirut Berdikari! Buntut Pistolnya Meletus di Bandara,Netral
"Bentuk PalmCo, BUMN Holding Perkebunan Perkuat Peran di Ekonomi Nasional",Netral
"Bantu Petani di Sumut, Anggota DPR Salurkan Bantuan Alat Kerok Jagung",Negatif
Catat! Ada Dua Acara Kuliner di Banyuwangi untuk Maret 2023,Netral
"Bupati Enrekang Tawarkan Warga di Lahan Sawit PTPN Jadi Buruh, Tapi Ditolak!",Negatif
"3 Wisata Antimainstream yang Menantang Nyali di Jabar, Berani?",Netral
"Awet, Genangan Air Mirip Comberan di Simpang 3 Basin-Gayamprit Klaten",Negatif
Viral Oknum Polisi-Petugas Parkir Ribut di Medan,Positif
"Kinerja Moncer, BUMN Perkebunan Sebar Rp 145 Miliar ke Pensiunan",Negatif
"Kantor Digeledah Bareskrim, Hutama Karya Buka Suara",Netral
Siap-siap! Penyeleweng Dana Dapen Rp 300 M Bakal Kena Pidana,Negatif
7 Fakta Teror Bom Palsu Bertepatan Pembukaan TIIWG G20 di Solo,Negatif
"Erick Thohir Tugaskan BUMN Tanam 111 Ribu Pohon, Bisa Dipanen Warga",Negatif
Heboh Mobil Warga Medan Dibakar Selingkuhan di Langkat,Netral
Menteri ATR Ajak Erick Thohir dan KSP Bahas Konflik Lahan di RI,Positif
Klaim Lahan Telantar di Balik Polemik PTPN Vs Markaz Syariah HRS,Netral
Akhirnya! Biang Kerok Harga Gula Mahal Terungkap,Positif
Polisi Tetapkan 2 Tersangka Laka Kerja di Pabrik Bioetanol Mojokerto,Positif
Pabrik Kelapa Sawit Nihil Limbah di Aceh Utara Diresmikan,Netral
Catat! Larangan-larangan saat Hadiri Pernikahan Kaesang dan Erina Gudono,Netral
Survei LSI: 60% Publik Nilai Korupsi di RI Naik 2 Tahun Terakhir,Netral
"Liga 2 Dihentikan Sementara, Karo United Matangkan Kekuatan Tim",Negatif
"Resmikan Mal Vaksinasi & Imunisasi, Gubri Harap Genjot Cakupan Vaksinasi",Positif
Duh! KPK Panggil Saksi yang Sudah Meninggal di Kasus Korupsi PTPN XI,Negatif
Pemkot Medan: Merdeka Walk Akan Dipindahkan ke Taman Lili Suheri,Positif
Kisah Noni Belanda Mandi di Balik Temuan Yoni di Asrama Kodim Klaten,Positif
10 Wisata Sejarah di Jember untuk Liburan Bareng Anak-anak,Positif
"Tiang Diterjang Banjir Bandang, Listrik di Gunung Mas Bogor Padam",Negatif
"Di Depan Jokowi, Erick Pamer Restrukturisasi Utang BUMN Berhasil",Negatif
"Harga Sawit di Labuhanbatu Naik Pengaruhi Angka Pencurian, Kenapa?",Netral
Peternak Lebah Madu Adukan Hambatan Budi Daya ke Ketua DPD RI,Negatif
8 Kendaraan Terlibat Kecelakaan Beruntun yang Tewaskan 2 Orang di Subang,Negatif
"Holding BUMN Perkebunan Punya PalmCo, Apa Untungnya buat Petani?",Negatif
"Mengintip Doesoen Kakao Banyuwangi, Sentra Produksi Berbagai Varian Cokelat",Netral
"PTPN IV Rugi Rp 100 M gegara Sawit di Simalungun Dicuri, 5 Pelaku Ditangkap",Negatif
PLTS Sei Mangkei Berpotensi Tekan Emisi Karbon 1.300 Ton Per Tahun,Positif
"Produksi BBM Bioetanol Ditargetkan 700 Ribu Ton, Ini Caranya",Netral
"Harga Gula Naik, Plt Mentan Minta Impor Dipercepat",Positif
Pj Bupati Bogor Ingin PKL Segera Dipindah ke Rest Area Gunung Mas Puncak,Negatif
"7 Dapen BUMN Jadi 'Pasien' BPKP, Erick Thohir Kantongi Hasilnya Awal 2024",Positif
Pemandian Ini Sering Dikunjungi Sultan dan Tamu Luar Negeri buat Terapi,Netral
Permintaan Maaf Remaja di Riau yang Caci Maki Jokowi,Negatif
"Harga Gula Melambung, Bulog Ajukan Impor 200.000 Ton",Positif
BUMN Dapat Rp 152 Triliun Buat Pulihkan Ekonomi RI,Netral
Tamu Tasyakuran Pernikahan Kaesang di Solo Akan Diangkut Bus-Andong,Positif
"Sempat Tutup karena Banjir Bandang, Agrowisata Gunung Mas Puncak Buka Lagi",Negatif
"Petani hingga Pebisnis Kopi Kumpul di JIEXPO Kemayoran, Ada Apa Nih?",Positif
Kebun PTPN III Cinta Manis Disegel Buntut Karhutla,Netral
"Seirama Gubernur Jabar, AHY Minta Setop Pembangunan Tak Sesuai Tata Ruang",Positif
"Ke Kantor Mahfud, Tim Rizieq Minta Lahan Markaz Syariah Tak Diambil",Negatif
"Banjir Bandang Terjang Bondowoso, Puluhan Kandang Ternak Warga Tersapu Habis",Negatif
"Nggak Cuma Gaji, Holding BUMN Perkebunan Tebar Bonus Ini buat Petani",Negatif
Antisipasi Depresiasi Rupiah Bagi Ketahanan Finansial BUMN,Netral
"Miniatur Ka'bah di Masjid Dirobohkan Perusahaan, MUI Langkat Mediasi",Netral
Transformasi BUMN Menjadi Lokomotif Ekonomi Nasional,Netral
"1 Pelajar di Serdang Begadai Tewas Ditembak, Begini Kejadiannya",Negatif
"Erick Thohir Lepas Ekspor Kopi ke Mesir, Targetnya 3.000 Ton",Negatif
"Erick Thohir Rekrut 'Anak Muda' Jadi Pejabat BUMN, Siapa Saja?",Negatif
Jaksa Agung: Habisi Mafia Tanah!,Negatif
Hidupkan Kejayaan Surabaya dari Keberhasilan Pembangunan Kota,Positif
Eks Bupati Inhu dan Surya Darmadi Tersangka Korupsi Lahan Duta Palma,Negatif
Holding BUMN Pangan Fokus Geber Produksi Gula Tahun Depan,Netral
"3 BUMN Buka Lowongan Kerja untuk Lulusan S1-S2, Begini Syaratnya",Positif
Kejari Banyuwangi Pasang Delapan Plang di Tanah Perkebunan PTPN XII,Negatif
"9 Tempat Angker di Sukabumi, Jembatan Kuning-Pabrik Peninggalan Belanda",Negatif
Andre Gerindra Dukung Langkah Erick Thohir Restrukturisasi PTPN,Positif
"Migor Murah Tak Perlu DMO-DPO, Pengusaha: Kasih Tanggung Jawab ke BUMN",Negatif
"Pensiunan BUMN di Pekanbaru Tewas dalam Rumah, Mobil-Barang Berharga Raib",Netral
Markaz Syariah FPI Minta Bantuan Mahfud MD soal Sengketa Lahan Puncak,Negatif
"Operasi Pasar Puasa-Lebaran Digelar, Segini Harga Bahan Pangan yang Dijual",Positif
Zulhas Pimpin Penyegelan 4 Perusahaan yang Diduga Rusak Lingkungan di Bogor,Netral
"Duduk Bareng Pemerintah, Petani Masih Tolak Draft Perpres Swasembada Gula",Negatif
"UMKM Binaan BUMN Raih Penjualan Rp 5,7 Miliar di INACRAFT 2025",Positif
Indonesia Butuh 10 Pabrik Bioetanol untuk Hasilkan 7 Juta BBM Etanol,Positif
"5 Pekerja Pabrik Bioetanol Mojokerto Dilarikan ke Rumkit, 3 Tewas 2 Selamat",Positif
Jurus BUMN Bantu Petani Kopi Lebih Moncer,Netral
"Tekan Harga, Holding BUMN Guyur 2,75 Juta Liter Minyak Goreng ke Pasar",Positif
Andre Rosiade Bentengi Erick Thohir dari Kritik Adian Napitupulu,Netral
DPR Restui PMN BUMN Rp 23 T dan Pencairan Utang Pemerintah Rp 115 T,Negatif
"Penuhi Pasokan Gula, Pabrik Milik BUMN Siap Genjot Produksi",Positif
Samsul Tarigan yang Didakwa Rp 41 M gegara 'Sulap' Lahan PTPN Jadi Diskotek,Netral
"Pabrik Migor Anak Usaha BUMN Mau IPO, Begini Rencananya",Negatif
10 Rekomendasi Tempat Wisata Keluarga di Siantar-Simalungun,Netral
Ada Biyong di Antara PTPN VS Markaz Syariah FPI,Netral
Melihat Lagi Isi Somasi PTPN soal Markaz Syariah Habib Rizieq,Positif
"Tak Hanya Cari Cuan, Holding BUMN Perkebunan Juga Fokus Hal Ini",Negatif
Polda Jabar Segera Panggil Sejumlah Pihak yang Dilaporkan PTPN VIII,Positif
Cara BUMN Tangkal Krisis Pangan yang Kian Dekat,Negatif
RI Gandeng Jepang Sulap Limbah Jadi EBT,Netral
Bareskrim Mulai Proses Laporan PTPN VIII Terkait Lahan Markaz Syariah,Positif
20 Juni Lapangan Merdeka Medan Dikosongkan,Netral
"Kunjungi Warga Onggoboyo, Mas Dhito Dicurhati soal Akses Air Bersih",Netral
"Pakar UI: Memang Sudah Saatnya Puncak Direstorasi, Konsep Pariwisata Diubah",Negatif
Juragan Teh RE Kerkhoven: Manis Kelola Bisnis dan Cinta yang Tragis,Positif
Kereta Cepat dan Masa Depan Transpotasi di Indonesia,Negatif
Wagub Emil Beber Update Pembangunan Tol Probowangi: Terus On Progress,Netral
"Pabrik Gula RI Banyak yang Sudah 'Bangkot', Usianya 2 Abad Lebih",Negatif
Ini Dia Sumber Susu buat Program Makan Bergizi Gratis Prabowo,Netral
Kereta Api dan Jejak Penjajahan Belanda di Priangan,Negatif
Samsul Tarigan Dituntut Penjara 2 Tahun karena Kuasai Lahan PTPN di Binjai,Negatif
Harga TBS Sawit di Riau Turun Jadi Rp 2.702 per Kg,Positif
"Biar Enggak KO Diterjang Corona, BUMN Dapat Dana Talangan",Netral
"Kejar Target, Pertamina Kebut Proyek Energi Baru Terbarukan",Netral
BKKBN Dukung PTPN V Atasi Stunting di Riau,Positif
"Lewat Rumah BUMN, UMKM Bisa Unjuk Gigi di Ajang Dunia",Negatif
PTPN VIII Tegaskan Lagi Markaz Syariah Milik HRS Ada di Areal Mereka,Positif
97 Kopi Made in Garut hingga Toraja Mejeng di Pameran Eropa,Negatif
"Ketuk Swasta soal Minyak Goreng, Erick Thohir: Jangan Jadi Orang Asing!",Netral
Erick Thohir Kerahkan BUMN Geber Hilirisasi,Positif
Pertamina Siapkan Investasi US$ 18 Miliar untuk Energi Baru Terbarukan,Positif
Sipir Rutan Pekanbaru Tabrak Polisi gegara Takut Ditangkap Bawa Sabu,Negatif
10 Fakta Terkini Aksi Show of Force Mayor Dedi di Polrestabes Medan,Positif
Proyek Tol Serang-Panimbang Seksi III Terancam Molor,Negatif
"Niat Awal Ziarah, Malah Mabuk & Berujung Petaka Karena Ngonten di Atas Sutet",Negatif
Snapshots: Penampakan Pipa-Jam Mencurigakan di Dekat Denpom Solo,Positif
DLH Bandung Ungkap Sejumlah Penyebab Meluapnya Sungai Ciwidey,Negatif
"Program 3 Juta Rumah Diusulkan Jadi PSN, Ternyata Ini Alasannya",Positif
"Curi Sawit PTPN IV hingga 3 Ton Sehari, 7 Warga di Langkat Ditangkap",Negatif
KPK Periksa 3 Saksi Kasus Dugaan Korupsi Pengadaan Six Roll Mill di PTPN XI,Negatif
"Ada PalmCo, Petani Sawit Pesan Begini",Netral
"Petani Vs Korporasi soal Tanah, Menaker Janji Teruskan ke ATR/BPN",Netral
Holding BUMN Perkebunan Dapat Pengakuan Internasional Gegara Ini,Negatif
Erick Thohir Minta BUMN Gandeng Swasta-Petani: Jangan Semua Diambil!,Negatif
Brantas Abipraya Bagikan 2.500 Paket Sembako ke Warga Jember,Positif
Mengenal Pura Penataran Dharmaraksaka dan Asal-usul Kampung Bali di Sergai,Netral
Seru Juga Naik Jip Menyusuri Perkebunan Teh Lereng Gunung Slamet,Positif
Daftar Utang PTPN Grup yang Bakal Dapat Keringanan dari Kreditur,Negatif
BUMN Diminta Lakukan Langkah Antisipasi Dampak Perang Iran Vs Israel,Negatif
BUMD DKI Akan Bangun Pabrik Minyak Goreng di Cilegon,Netral
Polisi Dalami Puluhan LP yang Dilaporkan PTPN VIII soal Lahan Megamendung,Positif
"PTPN III Masih Lanjut Penyelesaian Sengketa Lahan di Pematang Siantar, Begini Jurusnya",Negatif
"Muncul Lagi Selebaran di Klaten, Ada yang Singgung Eks Mensos Juliari",Negatif
Andre Gerindra: Pemerintah Perlu Stimulus BUMN,Netral
PTPN VIII: Markaz Syariah Berada di Lahan Milik Kami,Positif
KPK Periksa 6 Saksi Dugaan Korupsi Pengadaan Lahan PTPN XI,Negatif
Terkuak! Ini Alasan 7 BUMN Dibubarkan,Netral
"Holding BUMN Perkebunan Lahirkan 'Anak', Ada yang IPO Tahun Depan",Negatif
Tragis Deni Gosong Tersengat Listrik Saat Panjat Sutet Demi Konten,Netral
"November 2023, PalmCo Bakal Mejeng di Pasar Modal",Netral
Moeldoko Temui Perwakilan Petani di Medan yang Pernah Jalan Kaki ke Istana,Positif
Relokasi Korban Banjir Bandang-Longsor Lebak Terkendala Lahan,Negatif
"DPR Setuju Garuda dan Krakatau Steel Dapat Dana Talangan Rp 11,5 T",Positif
"2 Direktur Ditusuk di Proyek Perumnas dan PTPN II, Pembangunan Lanjut?",Netral
"Dorong Pemerataan Ekonomi, Holding BUMN Kebun Tanam Sawit di Enrekang",Netral
Giliran Komisaris 13 Perusahaan PTPN Dirombak Erick Thohir,Negatif
"Dukung Target 61.000 Ton Gula, Bupati Banyuwangi Ingin Petani Diberdayakan",Positif
