title,Sentimen
dkp pekanbaru apresiasi ptpn iv atas pelatihan pengolahan pangan kepada umkm dan kampung pangan,positif
"lebaran 2025, ptpn iv gelar program mudik bersama bumn",positif
"nimo highland, wisata baru ala santorini di pangalengan",netral
kondisi terkini deni yang tersengat listrik saat bikin konten di sutet,negatif
siapakah penguasa mega proyek batang jadi pusat pabrik dunia,netral
"video menuju swasembada gula 2028, ri dihadang persoalan ini",netral
holding bumn perkebunan dapat pengakuan internasional gegara ini,positif
"ribuan ton gula impor masuk ri, harga langsung turun",netral
"sempat ditutup, ini kondisi terkini lokasi benda mencurigakan dekat denpom solo",netral
ada oknum di ptpn iv regional iii riau terindikasi tak peduli lingkungan,negatif
pj gubernur sulsel minta bpn urus aset tanah warga terdampak banjirlongsor,negatif
warga cianjur serbu operasi pasar minyak goreng bumn,netral
erick thohir raih penghargaan the most influential minister,positif
ptpn iv palmco perdana kapalkan 10 ribu ton cpo harga premium,positif
"ledakan impor gula sudah bikin waswas, jokowi turunkan bumn",negatif
alasan usulan bbm pertalite dihapus  muncul pertamax green,netral
"lagi disorot tajam publik, komisaris bumn dapat gaji segini",netral
ptpn janji utang ke karyawan  pensiunan lunas tahun depan,positif
"erick thohir pamer temuan besar harta karun ri, segini jumlahnya",netral
kronologi awal mula arh minta bantuan mayor dedi untuk bebas dari tahanan,netral
"soal efisiensi transformasi ptpn, dirut tak selalu kurangi hak orang",netral
"ptpn iv palmco targetkan penjualan 120.000 mt cpo bersertifikat internasional, berpeluang raih pendapatan tambahan usd3,6 juta premium price",positif
"disinggung dpr saat raker dengan kapolri, ini kata sentul city",netral
"pemerintah impor 200 ribu ton gula tahun ini, begini penjelasannya",netral
"migor murah tak perlu dmodpo, pengusaha kasih tanggung jawab ke bumn",netral
"erick geram utang jumbo ptpn rp 77 t, begini rinciannya",netral
batu diduga yoni ditemukan di kompleks asrama kodim klaten,netral
"sederet bumn ini buka lowongan kerja besarbesaran, sikat",positif
"bos holding perkebunan ptpn 35 sehat, lainnya ada beban",netral
pelukan pria tanah laut ke jasad istri yang ia bunuh pakai pemotong sawit,negatif
"lestarikan danau toba, erick thohir  bumn targetkan tanam 460 ribu pohon",positif
sejarah panjang penamaan jember sebagai kota tembakau,netral
ptpn v targetkan integrasi penuh digitalisasi eplantation 2023,positif
"bos sawit usul ri punya tanker raksasa migor, apa itu",netral
holding pangan  ptpn dikerahkan buat kerja sama bareng frisian flag,positif
holding bumn perkebunan siap produksi minyakita 3 juta liter per bulan,positif
"dendam pernah dipergoki nyuri sawit, pria di sergai hajar sekuriti perkebunan",negatif
"sudah sepekan, pelaku pembunuhan pensiunan ptpn v belum tertangkap",negatif
"pensiunan tni dibacok di areal perkebunan di siantar, pelaku ditangkap",negatif
"3 wisata antimainstream yang menantang nyali di jabar, berani",netral
"inovasi green energy, pertamina jawab tantangan masa depan",positif
"diperiksa 4 jam, dahlan iskan sebut akan ada tersangka baru kasus ptpn vi",negatif
ptpn iv palmco regional iii sediakan 400 kursi gratis untuk mudik bersama bumn 2025,positif
"palmco ipo kuartal iv, jadi perusahaan sawit terbesar dunia",positif
"119 pabrik relokasi dari china, jokowi tak mau ri gagal lagi",netral
petani tebu situbondo akui ada pengadaan lahan ptpn xi ratusan hektare,netral
"ikuti titah jokowi, bumn keroyokan bangun batang",netral
ini pr besar holding perkebunan usai restrukturisasi jumbo,netral
erick thohir buktikan kalau bumn itu tidak bobrok,netral
"balik kampung, alumni unri promosi sevp business support ptpn iv regional iii",netral
"punya lahan 2,4 juta hektar, begini nasib bisnis perhutani",negatif
"biar minyak goreng terjangkau, bumn diminta turun tangan",negatif
pucuk...pucuk..pucuk... intip langsung proses pucuk daun menjadi teh di sini,netral
"stabilkan harga pangan, operasi pasar besarbesaran digelar jelang ramadan",positif
"jokowi naikkan harga pertalite, erick thohir buruburu balik dari belanda",netral
bankjatim siap beri kredit ke petani tebu binaan sgn,positif
"berkat langkah holding perkebunan, industri sawit ri diramal bisa makin moncer",positif
"bentuk palmco, holding perkebunan kejar produksi minyak goreng 1,8 juta ton",positif
"konsolidasi palmco kelar, minyak goreng murah di depan mata",positif
"6 sekolah pariwisata rekomendasi kemenparekraf, buat yang suka traveling nih",netral
bos holding perkebunan beberkan rahasia bikin buntung jadi untung,netral
akibat langgar standards of sustainability ptpn iv manajemen kebun terantam terancam dipecat,negatif
taman gizi ptpn v mendukung pemerintah dalam memerangi stunting,positif
"nekat panjat sutet buat selfie, pria garut kesetrum hingga gosong",negatif
erick angkat eks dirut pln zulkifli zaini jadi komut ptpn iii,netral
ptpn iv regional iii berikan bantuan bagi para korban terdampak bencana banjir di kabupaten kampar,positif
begini alur distribusi gula yang jadi celah ladang korupsi,negatif
"petani hingga pebisnis kopi kumpul di jiexpo kemayoran, ada apa nih",netral
strategi jokowi pencapaian swasembada gula dalam 5 tahun,positif
motif remaja hujat jokowi di tiktok kesal pernah ditangkap curi sawit,negatif
"begini kondisi taman lili suheri, tempat relokasi merdeka walk",netral
"setelah direksi, erick bongkar  pangkas komisaris ptpn",negatif
geger penemuan mayat pria di kebun karet bandung barat,negatif
respons mendag soal minyak makan merah,netral
"usai lapak pkl dibongkar, kini vila liar di puncak disasar",negatif
keluarga korban duga oknum tni terlibat kasus remaja ditembak di sergai,negatif
"sugar co bakal kedatangan investor anyar, wilmar group masuk",netral
"dipecat pdip, segini harta kekayaan budiman sudjatmiko",netral
apa kabar bumn holding pangan ini penjelasan bos rni,netral
erick thohir siapkan bumn antisipasi dampak ekonomi  geopolitik,netral
"pabrik migor anak usaha bumn mau ipo, begini rencananya",netral
erick thohir copot dirut berdikari buntut pistolnya meletus di bandara,negatif
"pertamina siap produksi biofuel, suplai cpo harus aman",netral
"penyelesaian koperasi iyo basamo terantang, pemkab kampar dan forkopimda saksikan penandatangan mou koperasi dan ptpn v.",positif
pria di deli serdang rampokbunuh pacar gegara kesal sering dimarahi,negatif
jurus ptpn pastikan pembentukan tiga subholding bumn perkebunan bisa mulus,positif
"holding rs bumn ipo, bos pertamedika kasih bocoran ini",netral
bambang budi santoso mengemban amanah sebagai senior executive vice president sevp business support ptpn iv regional iii,netral
sejarah rs pemerintah pertama di medan dan pergantian nama dari masa ke masa,netral
peneliti jerman jejaki kerjasama alihkan batu bara ke biomassa bumn asal riau,positif
pemkab bogor minta pkl puncak pindah ke rest area gunung mas sebelum 24 juni,netral
"pastikan kestabilan harga minyak goreng dan gula, ptpn regional i gelar pasar murah untuk ribuan masyarakat",positif
kebakaran kebun tebu di mojokerto tewaskan seorang petani,negatif
"perkuat bisnis, pelindo 1 tingkatkan kerjasama dengan bumn",positif
menteri bumn erick laporkan 4 dapen ini ke kejagung,negatif
tak ada yang abadi gonjangganjing cpo pun hanya sementara,netral
mind id teken proyek perdagangan karbon,positif
andre rosiade bongkar modal migor kemasan oligarki untung banyak,negatif
"wuih ribuan ton gula impor siap masuk, harga balik rp12.500",positif
"nasib swasembada gula di tangan bumn pangan, ini tugasnya",netral
bey prioritas keselamatan warga terdampak bencana di sukabumi,positif
"seirama gubernur jabar, ahy minta setop pembangunan tak sesuai tata ruang",netral
erick thohir prediksi fao akan ada kesulitan pangan di dunia,netral
ptpn iv regional iii bantu atasi persoalan sampah di pagaran tapah,positif
"palmco garap kebun sawit terluas di dunia, ini strateginya",netral
kebun terantam ptpn iv regional iii catat produksi optimal,positif
"viral pria telanjang dada hujat jokowi di riau, polisi turun tangan",negatif
slurpp istimewanya kopi ijen dengan cita rasa kacang dan cokelat,netral
"harga impor tinggi, stok gula di dalam negeri aman",negatif
"divonis 16 bulan penjara soal kuasai lahan ptpn di binjai, samsul tarigan banding",negatif
"diskriminasi eropa  el nino, gimana nasib produksi ptpn iii",netral
kemenko pangan proyeksi padi di areal psr ptpn iv regional iii  riau pos,netral
klaim pj gubernur sulsel budi daya pisang akan serap 400.000 tenaga kerja,positif
bos holding bumn perkebunan ungkap penyebab ri sulit swasembada gula,netral
pengusaha sarankan bumn kuasai kebun sawit ri biar minyak goreng murah,netral
"erick thohir ingin bumn diisi milenial, holding perkebunan lakukan hal ini",netral
kementerian bumn resmikan tiga ptbg limbah sawit ptpn v,positif
sah eks ceo ptpn v riau ditunjuk jadi dirut palmco,netral
bongkar silu ekonomi ri hingga balada proyek kereta cepat,netral
"penuhi pasokan gula, pabrik milik bumn siap genjot produksi",netral
"dukung prabowodiultimatum pdip, budiman sudjatmiko punya properti di jaktim rp 1,5 m",netral
kereta cepat dan masa depan transpotasi di indonesia,netral
tamu tasyakuran pernikahan kaesang di solo akan diangkut busandong,netral
"menko zulhas kebut produksi gula di sumut, targetkan naik 100 tahun 2027",netral
ini alasan kenapa bumn perlu disuntik hingga rp 152 t,netral
"ptpn iii sudah restrukturisasi utang rp 36 t, ini rinciannya",positif
penampakan nonik bergaun eropapesta di rumah peninggalan meneer,netral
"kantor digeledah bareskrim, hutama karya buka suara",netral
banjir campur lumpur dan material terjang sempol bondowoso,negatif
"ipo rp 10t, palmco bakal jadi perusahaan sawit terbesar dunia",positif
heboh pembangunan lokasi hiburan rusak kebun teh puncak,negatif
menteri atr minta korban mafia tanah lapor kami tak segan untuk gebuk,netral
"india cs setop ekspor gula, ri bidik pasokan dari brasil",netral
inilah wajah pembunuh pensiunan ptpn v riau,netral
dedi mulyadi instruksikan wisata hibisc fantasy di puncak bogor dibongkar,negatif
dpn fkppn ingatkan meneg bumn jangan seret ptpn gabung ke danantara,netral
bumn ini sulap rugi jadi untung,positif
mengintip kinerja anak usaha ptpn yang digabung jadi palmco,netral
"video setelah 25 tahun rugi, ini cara ptpn bikin bisnis teh jadi cuan",positif
8 bangunan peninggalan kolonial belanda di surabaya,netral
kpk tetapkan 3 tersangka korupsi pembelian lahan ptpn xi rugikan rp 30 m,negatif
"palmco akan jadi raja dunia, harga minyak goreng masih mahal",netral
erick thohir bakal sikat pegawai nakal di bumn pangan,negatif
erick bawa gajah bumn menari lewat eternitas transformasi,netral
"direstui jokowi, erick kurangi jumlah bumn",netral
"bumn geber produksi kopi rakyat, begini caranya",positif
"deklarasi dukung prabowo, segini harta budiman sudjatmiko",netral
erick thohir tunjuk budiman sudjatmiko jadi komisaris ptpn v,netral
"ikut jokowi sidak kereta cepat, sri mulyani ingatkan ini",netral
ahli hukum pengambilalihan sepihak kkpa tindakan wanprestasi,negatif
"akhirnya uang negara rp 6,9 t buat tambal proyek kereta cepatlrt jabodebek",positif
lahan warpat puncak bakal disulap jadi anjungan pandang,positif
perdana akhirnya ri punya bbm bensin campuran tebu,positif
"dianggap tak guna, pemerintah diminta segera hapus dmo cpo",negatif
apa benar bumn maruk sikat semua proyek,negatif
"petani tebu juga bisa sukses kelola lahan, begini caranya",positif
pemilik warkop di pantura pemalang ungkap tarif prostitusi rp 50100 ribu,negatif
duduk perkara gubsu edy vs bobby soal karantina wni dari luar negeri,netral
"jalan penghubung tapselmadina putus, mobil tak bisa lewat",negatif
"soal ptpn iv regional iii di gugat, koppsam rapat dengan komisi ii dprd riau",netral
erick thohir di kejagung 70 persen dana pensiun sakit dirampok oknum biadab,negatif
"ada transformasi digital, penjualan via briapi naik 300",positif
"wah usai ptpn, erick ungkap indikasi korupsi krakatau steel",negatif
"digagas era sby dan dilanjutkan jokowi, food estate merauke ditanami paditebu",netral
apa kabar ipo palmco ini update terbaru dari wamen bumn,netral
rekomtek petani binaan ptpn iv palmco tembus 13 ribu hektare setahun  riau pos,positif
longsor yang putus akses ke ijen bondowoso terjadi di empat titik,negatif
"diduga tempat prostitusi, puluhan warkop di pantura pemalang dibongkar",negatif
"dividen bumn ke negara terkumpul rp 35,5 t, pertamina belum setor",negatif
ptpn iv regional iii bersama polri perkuat ketahanan pangan melalui budidaya jagung,positif
"kereta cepat jktbdg molor, biaya bengkak kini china minta pemerintah talangi",negatif
pupuk indonesia teken 2 kerja sama di konferensi internasional bumn,positif
"tiba dari taiwan, surya darmadi tersangka korupsi ditahan kejagung",negatif
erick thohir target ap i dan ii merger di februari 2024,netral
asosiasi petani tebu desak pemerintah beli gula petani rp 12.500 per kg,negatif
"kegiatan penanaman das desa batu gajah dapat perlawanan oknum, ptpn iv regional iii dikatakan siap bantu bibit",netral
ptpn iv palmco ekspor perdana 10.000 ton cpo bersertifikasi rspo ke eropa,positif
yuk melihat cara membuat cokelat di doesoen kakao banyuwangi,netral
"bocoran terbaru, menteri erick juga mau merger bumn ini",netral
"kisah rudolf eduard kerkhoven, juragan yang merintis teh gambung",netral
sejarah kota mati karawang yang jadi saksi bisu ambruknya orde baru,netral
ptpn iv palmco salurkan bantuan untuk korban banjir di rokan hulu,positif
camping embun sangat membantu warga perkebunan banyuwangi urus adminduk,positif
"menilik museum perkebunan indonesia ii sejarah, daya tarik, tiket masuk",netral
"dari pln hingga krakatau, 12 bumn siap disuntik sri mulyani",positif
puan maharani singgung kasus penyalahgunaan dapen bumn di paripurna,negatif
"jadi raja gula dunia, india ternyata pernah ngemis ke ri",netral
heboh mobil warga medan dibakar selingkuhan di langkat,negatif
"12 rekomendasi wisata lampung tengah, ada air terjun hingga bukit batu",netral
kota mati tommy soeharto di karawang dulunya buat tampung karyawan timor,netral
kemenhut jelaskan izin eiger adventure land di puncak bogor,netral
kronologi lengkap penemuan bungkusan pipajam di dekat denpom solo,netral
"waspada, 7 wilayah di kabupaten blitar rawan bencana",negatif
"kejar target dekarbonisasi, pupuk indonesia perkuat sinergi lintas bumn",positif
"amran gandeng erick thohir, kejar swasembada pangan dalam 4 tahun",netral
trik belanda tutupi kerusakan jalan di cipetir sukabumi,netral
"jokowi tambah 13 proyek strategis baru, ada yang di ikn",positif
partai gelora gugat pemilu serentak ke mk dpr tumpul awasi pemerintah,negatif
danantara bisa dorong hilirisasi sektor perkebunan,positif
holding bumn pangan fokus geber produksi gula tahun depan,positif
"puluhan warkop di pantura pemalang dibongkar, sejumlah psk positif hiv",negatif
"ada palmco, petani sawit pesan begini",netral
video gerak cepat ptpn iii wujudkan target swasembada gula ri 2028,positif
sensasi naik jip menyusuri indahnya perkebunan teh lereng gunung slamet brebes,netral
terpopuler kota mati ciptaan orba di dekat jakarta,netral
airlanggaerick thohir akan beri pengarahan saat harlah nu di palembang,netral
"sebelum lebaran, bangunan hibisc puncak harus sudah selesai dibongkar",netral
"ada abdee slank, ini daftar timseseks menteri jadi komisaris bumn",netral
lagi cari kerja cek deretan bumn ini lagi buka lowongan,positif
polres simalungun selesaikan 61 kasus pencurian sawit lewat restorative justice,positif
"dear pak erick, sudah dapat 2 wamen, ini 4 pr bumn kita",netral
"tni resmikan program pipanisasi di sukabumi, 600 hektare sawah terairi",netral
akhirnya harimau yang resahkan warga aceh timur berhasil masuk perangkap,positif
"jokowi habiskan rp3.000 t di 2022, apa hasilnya",netral
"dirut pln tanpa inovasi, energi hijau bisa bebani apbn",netral
"liga 2 dihentikan sementara, karo united matangkan kekuatan tim",netral
cerita proyek kereta cepat bengkak rp28 t sampai luhut turun,negatif
"ptpn iv regional 4 dan dprd jambi, kembangkan bisnis umkm",positif
angin segar buat korban banjir banyuwangi dapat bantuan dari bumn,positif
"pelni dan asdp bakal merger, masuk di bawah pelindo",netral
"harga sawit riau naik lagi, pekan ini rp 2.889kg",positif
ptpn klaim tuntutan warga soal pengembalian lahan di luwu timur ditolak ma,netral
pengacara jelaskan surat tanah garapan milik rocky gerung,netral
"konflik lahan ptpn di megamendung tuntas setelah 25 tahun, ini kuncinya",positif
tim unhcr diusir warga aceh tamiang saat cek lokasi penampungan rohingya,negatif
wisata kebun teh di probolinggo bisa dicoba saat libur tahun baru,netral
jabar hari ini penjaga masjid cabuli 13 bocahbandung gelombang kedua corona,negatif
menteri lh penyegelan tempat wisata sepanjang das ciliwung akan berlanjut,negatif
"harga gula di sumut turun, begini kata disperindag",positif
pegiat lingkungan ungkap penyebab banjir di lembang bandung barat,positif
penjelasan kemenkeu soal 39 pejabat rangkap jabatan komisaris bumn,netral
"harga sawit di riau turun akhir tahun, kini rp 2.621kg",negatif
jurus bumn bantu petani kopi lebih moncer,positif
"usai jiwasraya, erick tunggu audit bpk soal asabri  ptpn",negatif
jejak penjajahan belanda di priangan,negatif
ptpn iv regional iii bantu atasi persoalan sampah di pagaran tapah,positif
"diduga picu banjir, 4 tempat wisata di puncak bogor disegel",negatif
"balai pelestarian kebudayaan cek situs candi bata di batang, ini hasilnya",netral
"bumn keroyokan bikin mudik gratis, ini untungnya buat masyarakat",positif
pelindo 1 target petikemas  kargo 2021 tumbuh double digit,positif
erick thohir kerahkan bumn geber hilirisasi,netral
"holding perkebunan bumn restrukturisasi kredit rp 28,7 t",positif
kemenhub ungkap alasan konsesi kcic belum juga diperpanjang,netral
kisah noni belanda mandi di balik temuan yoni di asrama kodim klaten,netral
"kinerja moncer, 4 anak usaha ptpn iii siap melebur ke palm co",positif
"erick bikin holding pabrik gula sugarco, butuh duit rp 23 t",netral
3 keuntungan pabrik migor anak usaha bumn melantai di bursa,positif
janji erick thohir sikat habis mafia pupuk,negatif
daftar terbaru komisaris bumn yang resign usai masuk timses capres,netral
babat pohon berujung empat petani garut diproses hukum,negatif
7 anggota geng motor latihan fisik di deli serdang jadi tersangka,negatif
ptpn v regional 4 dan polda jambi tanam jagung bersama,positif
kagetnya menteri sofyan djalil diminta mundur saat perangi mafia tanah,negatif
"sudah 16 hari pensiunan ptpn v dibunuh, pelaku masih bebas berkeliaran",negatif
andre rosiade dukung erick thohir bongkar kasus dapen bumn,netral
"holding bumn targetkan swasembada gula, ini caranya",positif
warga di asahan demo kantor kebun sawit buntut puluhan lembu mati diduga diracun,negatif
pemandian ini sering dikunjungi sultan dan tamu luar negeri buat terapi,netral
"jokowi semprot ptpn soal lahan perusahaan as, ini lengkapnya",negatif
bom waktu dapen bumn,negatif
simak deretan bumn ini bakal bergabung jadi raksasa,positif
"tipu warga miliaran rupiah, pasutri di simalungun ditangkap",negatif
mengapa negara sulit kembalikan lahan masyarakat adat pantai raja yang berkonflik dengan ptpn v,negatif
dprd jatim desak bumn ikut tanggung jawab atas kerusuhan dusun baban jember,negatif
"brebes vs batang, berebut relokasi pabrikpabrik as di china",netral
"larang ekspor minyak goreng, ri balik lagi ke zaman voc",negatif
pertamina siapkan investasi us 18 miliar untuk energi baru terbarukan,positif
mimpi besar hadi kejar target 126 juta sertifikat tanah,positif
"kompak hengkang dari pdip, segini harta maruarar  budiman",netral
disperindag sumut prediksi harga gula tetap mahal hingga akhir tahun,negatif
jabar hari ini kota mati tommy soehartososok tuyul terkuak,netral
pupuk indonesia kolaborasi dengan tni adptpn optimalisasi lahan tidur,positif
"tak hanya cari cuan, holding bumn perkebunan juga fokus hal ini",positif
"polisi tangkap 5 ninja sawit di ptpn iv labusel, 2 pelaku ditembak",negatif
"jpu tak kunjung rampungkan tuntutan, sidang samsul tarigan ditunda 3 kali",negatif
"kurangi emisi, pupuk indonesia dukung pilot proyek perdagangan karbon",positif
palmco dukung agrinas akselerasi kemandirian pangan dan energi nasional  riau pos,positif
kedudukan penjaminan pemerintah dalam proyek infrastruktur,netral
gubernur riau puji program peremajaan sawit rakyat ptpn v,positif
transformasi kud tani sejahtera binaan ptpn v melalui digitalisasi,netral
respons pt jaswita jabar soal alih fungsi lahan di puncak bogor,netral
pemerintah gelar operasi pasar di 325 kantor pos jelang puasa,positif
inilah daftar 622 nama warga desa pangkalan baru yang digugat ptpn iv regional iii ke pn bangkinang,negatif
"bocor rancangan perpres swasembada gula bikin petani resah, apa isinya",negatif
erick thohir lapor ke jokowi 79 proyek strategis garapan bumn beres,positif
naik drastis harga sawit di riau pekan ini rp 2.865kg,positif
lima tim ptpn v adu inovasi planters innovation summit 2022,positif
ptpn iv palmco ekspor perdana 10.000 ton cpo bersertifikasi rspo,positif
"dpr soroti harga gula naik jelang ramadhan, ini sarannya",negatif
warning erick ke holding bumn pangan jangan cuma ganti logo,netral
"erick thohir warning bumn yang terdampak iranisrael, ini pesannya",netral
"hambat ekspor dan tekan harga sawit, petani minta pungutan levi 0",negatif
"menengok rs lavalette, rumah sakit legendaris di malang yang sarat sejarah",netral
"bukabukaan progres proyek strategis bumn, stafsus erick ada akuisisimerger",netral
kepala bpn bagibagi sertifikat tanah buat korban banjir di bogor,positif
"barata tambah daftar bumn yang punya utang segunung, tembus rp 3,47 t",negatif
"yayasan riau madani kecam dprd kampar, tegaskan gugatan kebun sawit ptpn v seluas 2.823 ha di kawasan hutan tak terkait klaim persukuan piliang",negatif
erick thohir ungkap 4 sektor kuncian indonesia kalau mau maju,positif
komisi vi dpr soroti bumn dilipat biar kelihatan yang rugi sedikit,negatif
"dari belanda, erick ingatkan pertamina soal bbm, apa itu",netral
ptpn v dukung peningkatan kualitas pendidikan pesantren tertua di dumai,positif
"daftar 15 cagar budaya nasional 2022, ada gedung bank indonesia",netral
"jokowi pamer minyak makan merah, lebih murah dan enak dari minyak goreng",positif
"palmco siap ipo tahun ini, pahala mansury ungkap alasannya",netral
polda jambi jelaskan duduk perkara pemeriksaan dahlan iskan,netral
"erick thohir sempat mau beli peternakan di luar negeri, jadi",netral
"pertamina nambah bioetanol 10 di 2026, pasokan cukup",netral
holding bumn perkebunan buka suara soal mantan pejabat jadi tersangka kpk,netral
ptpn i regional 4 buka suara terkait bareskrim usut korupsi rp 871 m,negatif
palmco bisa jadi senjata ampuh jaga pasokan minyak goreng,positif
"tingkatkan ketahanan pangan, kostrad tanam jagungkakao di tasikmalaya",positif
habib rizieq analogikan artis disambut penggemar terkait kasusnya,netral
kpk diminta usut dana kredit petani rp140 miliar di ptpn iv regional iii,negatif
ptpn iv regional iii kapalkan 10.000 ton cpo bersertifikasi rspo sg ke eropa,positif
respons pt jaswita jabar usai hibisc fantasy dibongkar,netral
ranca upas dibuka lagi untuk wisatawan,positif
wamen bukabukaan jurus selamatkan kinerja bumn yang sekarat,negatif
survei lsi 60 publik nilai korupsi di ri naik 2 tahun terakhir,negatif
"dulu pernah rugi rp 1,14 t, tahun ini ptpn bidik laba rp 3,9 t",positif
tiga warga jember tewas usai pesta miras oplosan,negatif
tangisan gubernur dedi melihat carut marut puncak bogor,negatif
"penyelamatan ekonomi jokowi, bumn ini bakal disuntik rp 152 t",netral
ptpn mau tambah 59.000 hektare lahan sawit,positif
melihat pabrik gula bagong di surabaya yang dulu jaya kini terbengkalai,negatif
ptpn v salurkan beasiswa kepada pelajar dan mahasiswa,positif
"erick thohir temui jaksa agung, bahas temuan dana pensiun rugi",negatif
teten klaim chef juna puji kualitas minyak makan merah,positif
"kemendag tak bisa sendirian kendalikan minyak goreng, perlu libatkan bumn",netral
upaya tangani longsor yang putus akses bandung baratcianjur,netral
"100 hari kerja prabowogibran, menteri erick pamer kontribusi bumn",positif
"100 hari prabowogibran, kementerian bumn fokus dua hal ini",netral
kejagung tetapkan surya darmadi dan eks bupati inhu jadi tersangka korupsi,negatif
"ptpn v produksi cpo capai 253,53 ribu ton pada semester i 2023",positif
jaksa ungkap dirut pt ppi sempat pertanyakan impor gula era tom lembong,netral
"video ada perang dagang as, kawasan industri di ri ketiban berkah",netral
kisahkisah mistis pabrik karet tjipetir di sukabumi,netral
"tekan impor, ri gandeng qatar kerja sama garap industri susu lokal",positif
"balik modal ditarget 38 tahun, kcic minta konsesi kereta cepat 80 tahun",netral
snapshots penampakan pipajam mencurigakan di dekat denpom solo,negatif
"usai habisi korban, supir pensiunan ptpn v bawa kabur mobil dan uang rp104 juta",negatif
bareskrim geledah kantor ptpn i surabaya terkait korupsi pg asem bagus,negatif
"komitmen keberlanjutan standar internasional, ptpn iv regional iii 100 persen rspo",positif
tragis deni gosong tersengat listrik saat panjat sutet demi konten,negatif
"jadi dewan pakar tkn prabowogibran, budiman sudjatmiko mundur dari komisaris bumn",netral
"video banjir di puncak, gubernur jabar sindir ptpn ganti saja jadi pt pariwisata",negatif
operasi pasar besarbesaran mau digelar demi stabilkan harga pangan,netral
"sempat ditutup, ranca upas buka lagi buat wisatawan",positif
ada kisah menyeramkan di balik pembangunan rumah peninggalan meneer belanda,negatif
ibc gandeng ptpninka geber penggunaan baterai  motor listrik,positif
kuasa hukum koperasi bmt bantah pengurus gelapkan uang anggota,netral
erick thohir pamer  capaian 100 hari kerja kementerian bumn,netral
pemprov riau dukung bumn program kemandirian pangan lewat tanam padi gogo di siak,positif
"usai viral jual tbs ke luar, pihak kebun terantam ptpn iv cekal akses media",positif
"tak capai target, ketua satgas anggaran pen baru kepakai 70",negatif
6 kunci sukses berhasilnya transformasi di holding perkebunan,positif
ceo ptpn v  terimakasih telah berjuang bersama raih kemenangan,positif
petani lampung keluhkan rendahnya harga sawit kepada mendag zulhas,negatif
erick thohir buka alasan ipo phe dan palmco,netral
jabar hari ini herry dituntut hukuman matipembunuh remaja geng motor ditangkap,netral
ptpn vsemen padang kerja sama manfaatkan biomassa tandan kosong sawit,positif
gubernur khofifah tetapkan tanggap darurat banjir bandang ijen bondowoso,negatif
"terkesan sekongkol tutupi bobrok karyawan menejer kebun terantam, bungkam saat dikonfirmasi oleh wartawan",negatif
"industri gula ditarget 1,2 juta kltahun bioetanol untuk tekan impor minyak",positif
"gelar rapat kerja, komite ii dpd ri soroti banyaknya bumn yang merugi",negatif
"kinerja meningkat, ptpn v raih pendapatan rp8,46 triliun pada 2022",positif
"dedi iskandar soroti jalan rusak di sekitar perkebunan, singgung soal regulasi",negatif
"kota lama surabaya segera launching, simak sederet fasilitasnya di sini",positif
terungkap ar hasibuan ternyata sepupu dari mayor dedi,netral
pisang cavendish dari lahan 100 hektare di bone ditarget panen juni 2024,positif
"tak terima digoyang, mafia tanah serang balik menteri sofyan djalil",negatif
senangnya petani sawit di kampar dapat dana talangan rp 1 m,positif
terungkap ini penyebab karutmarut sawit makin kusut,negatif
propernas nusa dua tekan backlog di sumut dengan bangun kota mandiri bekala,positif
39 pejabat di kemenkeu rangkap jabatan jadi komisaris bumnswasta,netral
caci maki ke jokowi bikin remaja di riau ditangkap polisi,negatif
ini profil 4 bumn yang siap ipo tertarik beli nggak,netral
"kejagung ungkap perusahaan hantu kelola lahan, surat nihil",negatif
"ini deretan produsen gula di ri, sugar co bakal terbesar",netral
tiga bumn sinergi garap cofiring di 52 lokasi pltu,positif
duduk perkara 4 petani garut diadili gegara babat pohon versi jaksa,negatif
"pelajar di sergai tewas ditembak, polisi selidiki pelaku",negatif
"mulyadi tewas, penyidikan kasus pembunuhan wiwin disetop polisi",netral
"nilainya bengkak jadi rp 113 t, proyek kereta cepat jktbdg bakal diaudit",negatif
"bos ptpn ingatkan stok gula ngeringeri sedap, waspadai harga meroket",netral
"jokowi makin senang, 17 pabrik china antre mau pindah ke ri",positif
"tipu warga rp 55 juta modus loloskan kerja di ptpn, asn di sergai ditangkap",negatif
siapsiap penyeleweng dana dapen rp 300 m bakal kena pidana,negatif
tempat peristirahatan terakhir bosscha yang masih terjaga,netral
bos ptpn iii targetkan swasembada gula konsumsi di 2028,positif
rapim tni ad bahas pesan prabowo soal ketahanan panganbatalion kesehatan,netral
"erick thohir tutup 3 bumn zombie, 4 lagi bakal menyusul",negatif
"tak digaji berbulanbulan, petani sawit di riau gelar aksi cap darah",negatif
ri bakal kebanjiran 215.000 ton gula kristal putih dari thailandaustralia,netral
pencari madu di banyuwangi tewas tersengat tawon dan jatuh dari pohon,positif
sugar co bakal jadi raksasa produsen gula terbesar ri,positif
jumlah karyawan yang kena imbas pembongkaran hibisc fantasy,netral
"audiensi bersama gubernur riau, ini yang disampaikan dirut ptpn v",positif
5 fakta ngerinya kecelakaan beruntun di subang,negatif
"bank mandiri bmri gandeng ptpn iii, salurkan kur untuk petani",netral
"harga sawit di labuhanbatu naik pengaruhi angka pencurian, kenapa",netral
"jadi tempat syuting ftv, ini kebun strawberry tersembunyi di bandung",netral
ptpn v akselerasi peremajaan sawit rakyat,netral
petani ragu jurus baru pemerintah bisa percepat swasembada gula,negatif
bos badan pangan mendadak minta impor gula dipercepat,netral
ptpn v distribusikan 26 komputer dan internet gratis ke sekolah terpencil,positif
bangga ri punya juara kedua world cup tasters championship 2023,positif
tragedi truk maut jadikan subang mencekam di pagi hari,negatif
"gedung harmonie pasuruan dipercantik, ini tampilan sebelum dan sesudahnya",netral
4 warga tersambar petir saat lomba hut riwanita aniaya teman gegara utang,negatif
rektor usu terpilih jadi ketua bksptn barat 20232025,netral
6 boks dokumen diamankan usai 11 jam penggeledahan kantor ptpn i surabaya,negatif
warga luwu timur geruduk kantor ptpn tuntut pengembalian lahan,negatif
"kisah cinta tragis re kerkhoven, juragan penguasa kebun teh di zaman belanda",netral
nih jurus erick thohir biar orang ri tak lagi berobat ke ln,netral
"7 pusat oleholeh banyuwangi ini wajib dikunjungi, di mana saja",netral
"petani keluhkan harga pupuk naik, jokowi sebut garagara perang",negatif
"wisata agro wonosari daya tarik, lokasi, fasilitas dan harga tiket",netral
"dugaan penjualan tbs oleh karyawan ptpn iv, belum ada tindakan tegas manajemen",negatif
"100 hari prabowogibran, bumn fokus kolaborasi kejar swasembada pangan",netral
seberapa serius bumn kebut transformasi energi,netral
ptpn iv palmco gercep tanam ulang 107 ha kebun sawit,positif
wamen bumn kebocoran garudajiwasraya dkk kelar tahun ini,positif
instruksi terbaru gubsu hadapi corona tolak phkkeluyuran denda sejuta,netral
ptpn v berhasil kantongi 100 persen sertifikasi rspo,positif
"ada lowongan kerja di bumn perkebunan, pendaftaran tutup besok",positif
bumn rimalaysia mau keroyokan kuasai bisnis sawit dunia,positif
menguak dosa lama di balik polemik gula rafinasi jatim,negatif
mimpi ri kuasai bisnis kopi dunia,positif
"kebut target swasembada gula, sugar co gandeng swasta sudah tepat",netral
anak buah jokowi ungkap jurus bumn amankan pangan,positif
"38 bumn buka lowongan, cek info lengkapnya di sini",positif
"rekayasa ganja tak bertuan, 8 oknum polisi di sumut divonis 1020 tahun bui",negatif
"bos holding perkebunan minta jangan impor gula gilagilaan, singgung nasib petani",netral
kakek karyawan ptpn tewas tertimpa bangunan rumah di deli serdang,negatif
"6 fakta menarik gunung semeru, yuk cari tahu sebelum mendaki",netral
jejak dan peninggalan bosscha di perkebunan teh malabar,netral
ptpn buka suara usai kpk tetapkan 3 tersangka korupsi pembelian lahan,negatif
kpk geledah kantor di jatim soal dugaan korupsi pengadaan lahan tebu ptpn xi,negatif
5 rekomendasi wisata dataran tinggi di probolinggo,netral
resmi holding ptpn merger 13 perusahaan jadi palmco dan supportingco,netral
"plts sei mangkei berpotensi turunkan emisi 1,4 ton co2tahun",positif
"wujudkan visi religius, syah afandintiorita siapkan 50 paket umrah gratis per tahun",positif
"holding perkebunan kumpulkan vendor di sumatera, bahas apa",netral
"festival cokelat glenmore, angkat potensi cokelat terbaik dunia di banyuwangi",positif
"terungkap kebijakan energi ri, bbm harus setara pertamax",netral
kpk panggil direktur ptpn xi terkait dugaan korupsi pengadaan lahan tebu,negatif
"erick thohir bukabukaan soal dana talangan bumn rp 19,65 t",netral
dewan komisaris pt perkebunan nusantara iii persero berkunjung ke ptpn iv regional v  pontianak post,positif
seru juga naik jip menyusuri perkebunan teh lereng gunung slamet,netral
kapan ri bisa swasembada gula ini kata ptpn iii,netral
gokil tesla elon musk bakal bangun pabrik di batang jateng,positif
"setelah 4,5 jam, bertemu emakemak pemburu tempat viral di rumah surga cianjur",netral
begini solusi pemkab pandeglang soal kendala lahan tol serangpanimbang,netral
"beda dengan ri, malaysia setop proyek kereta cepat saat biayanya bengkak",netral
bi dorong pemprov jabar terus kawal komitmen investor di wjis 2020,netral
"perintah dicuekin bumn, jokowi saya kejar kalau seperti ini",negatif
"tim its raih juara 1 kapal robot, kalahkan mit  lima kali di posisi pertama",positif
ini cara baru anak buah jokowi kontrol harga minyak goreng,positif
"kpk lelang barang koruptor jelang hakordia, ada mercyfortuner murah",netral
menteri atr colek ksp soal keluhan warga terkait tanah,netral
"plt mentan minta 3 hal ini ke kemendag, bps  pemda, ada apa",netral
"bos ptpn hingga kai temui wamen bumn, bahas apa ya",netral
ricuh petani korban penggusuran demo kantor bupati enrekang,negatif
video ptpn iii targetkan produksi gula 2024 tembus 1 juta ton,positif
jurus ptpn genjot produksi minyak goreng  gula konsumsi,positif
"siaga mafia sawit, kejagung  bpkp bikin tim audit gabungan",netral
kpk geledah kantor ptpn xi surabaya bawa berkas 2 koper,negatif
"harga tbs sawit di riau naik lagi, berikut rinciannya",positif
kejari simalungun hentikan penuntutan 5 tersangka pencurian kelapa sawit,negatif
pemkab bogor janji tampung pkl puncak yang terkena penertiban tahap ii,netral
pedagang puncak ngeluh tak punya rumah usai lapak dibongkar tidur di terpal,negatif
anggota dpr pertanyakan isi draft perpres swasembada gula hanya cari profit,negatif
jokowi resmikan pabrik minyak makan merah pertama di deli serdang,positif
"27 wisata lampung, ada pulau yang belum berpenghuni",netral
lokasi temuan 206 granat tangan aktif di banyuwangi bekas basecamp belanda,netral
"dorong pemerataan ekonomi, holding bumn kebun tanam sawit di enrekang",positif
"pria tanpa identitas ditemukan meninggal di kebun kopi bawen, ini ciricirinya",negatif
"deretan bos bumn ini jadi tim kampanye, baru 3 resmi mundur",netral
"sebanyak 70 dapen bumn sakit, 2 terindikasi korupsi",negatif
kpk penggeledahan kantor ptpn xi surabaya terkait pengadaan hgu kebun tebu,netral
"nah lho erick thohir sebut sering terjadi korupsi di bumn, kok bisa",negatif
"ptpn iv rugi rp 100 m gegara sawit di simalungun dicuri, 5 pelaku ditangkap",negatif
gubernur sumbar minta pembangunan jalan teluk tapang digenjot,positif
perlawanan samsul tarigan usai divonis 16 bulan penjara,negatif
"8 kendaraan kecelakaan beruntun di subang, 2 orang tewas",negatif
"jadi tersangka kasus minyak goreng, dirjen daglu masih jadi komisaris bumn",negatif
"mengenal minyak makan merah yang diendorse jokowi, produk koperasi  ptpn",netral
ptpn iii incar rp 10 t dari ipo sub holding palm co,netral
kadesguru besar uinsu dipolisikan warga kasus penggelapan uang koperasi,negatif
"menaker puji perjanjian kerja bersama ptpn iii  fsbun, ini harapannya",positif
"mentan amran kumpulkan bosbos bumn panganbapanas, ternyata bahas ini",netral
begini jurus erick lakukan dekarbonisasi bumn,netral
siapsiap erick tohir bakal tutup lagi anakcucu bumn sakit,negatif
menteri nadiem makarim puji mbkm usu yang libatkan mitra lokal,positif
"doesoen kakao, penghasil cokelat terbaik dunia di banyuwangi",positif
"ptpn iii masih lanjut penyelesaian sengketa lahan di pematang siantar, begini jurusnya",positif
baliho erick thohir mejeng dekat penjara soekarno di bandung,netral
kejari binjai buka suara usai tuntutan samsul tarigan tak kunjung tuntas,negatif
begini kronologi penerbitan izin hibisc fantasy puncak versi pemkab bogor,netral
"sukses bertransformasi, holding perkebunan raih laba rp 1,4 t",positif
"mahfud temukan mafia tanah lahan ptpn ii yang rugikan negara rp 1,7 t",negatif
"kiamat gula impor bakal hantam ri, petani menjerit",negatif
ojk dorong perbankan tingkatkan permodalan untuk petani sawit,positif
"kejar target, pertamina kebut proyek energi baru terbarukan",positif
10 destinasi wisata gadis kretek,netral
"viral kebun teh puncak bogor hancur karena pembangunan, ini kata pengelola",negatif
"bumn sawit geber produksi migor 4 kali lipat, jamin tak lagi ada kelangkaan",positif
seperti ini kondisi rest area gunung mas yang jadi tempat relokasi pkl puncak,netral
dana pensiun bumn sakitsakitan bikin erick thohir lapor kejaksaan,negatif
"mau ipo rp 10 t, palmco bakal bangun pabrik minyak goreng",positif
hidupkan kejayaan surabaya dari keberhasilan pembangunan kota,positif
kala habib rizieq analogikan sambutan ke artis dengan kasusnya,netral
duh kpk panggil saksi yang sudah meninggal di kasus korupsi ptpn xi,negatif
pabrik pengolahan karet ptpn xii di jember terbakar,negatif
kebun terantam ptpn iv regional iii catat produksi optimal sebagai bentuk komitmen berkelanjutan,positif
top kopikopi indonesia bakal mejeng di belanda bulan depan,positif
"dedi mulyadi geram, puncak kini sudah jadi kawasan beton",netral
mayat pria di bandung barat dilaporkan hilang sejak malam tahun baru,negatif
respons menteri hadi soal mahfud temukan mafia tanah di deli serdang,netral
ini daftar eks direktur ptpn xi hingga pejabat pasuruan yang diperiksa kpk,netral
ini tips mengembangkan karier di tengah gempuran ai ala alumnus unair,netral
polda jambi geledah kantor ptpn vi jambi usut dugaan korupsi mark up,negatif
"ptpn vrpn lakukan riset sistem sensorik, tingkatkan produksi cpo",positif
"erick bilang keuangan bumn makin sehat, ini buktinya",positif
produktivitas cpo ptpn v lampaui target rkap 2023,positif
stafsus erick thohir ungkap nama komisaris bumn yang mundur ikut timses capres,netral
"gagal dapat uang talangan, buwas apa bulog mau dibubarkan",negatif
"penuhi ketentuan, 66 persen kebun sawit ptpn v dikelola bareng petani lokal",netral
"waduh, produktivitas gula ptpn cuma 13 era kolonial belanda",netral
andre rosiade usulkan 3 pengecer migor curah di tiap pasar tradisional,netral
menyusuri kota mati tommy soeharto di karawang,netral
"duduk bareng pemerintah, petani masih tolak draft perpres swasembada gula",negatif
"12 wisata malang yang murah untuk keluarga, ada pantai hingga kebun teh",netral
"pemkab bogor tinjau ulang izin, pembangunan bianglala di kebun teh puncak disetop",negatif
"disebut erick, sejumbo apa utang ptpn, bumn karya  kai",negatif
polri jelaskan program rekrut bintara pertanian dukung ketahanan pangan,positif
surharnomo resmi jabat rektor undip periode 20242029,netral
"pelindo i mau naikkan volume bongkar muat, ini jurusnya",netral
bnpb buka opsi relokasi warga puncak bogor usai sungai ciliwung meluap,positif
"ambil peluang pandemi, ptpn iii genjot produktivitas sawit",positif
"demo peringatan hari tani, massa bawa tumpeng raksasa ke bpn sumut",netral
danantara dan persimpangan transformasi bumn,netral
deretan bumn ini patungan bantu umkm di kala pandemi loh,positif
"perusahaan belanda niat bangun peternakan sapi di ri, siapa",netral
"menko zulhas segel bobocabin gunung mas puncak, ini penyebabnya",negatif
"obokobok sejumlah ruangan, kpk periksa dirut ptpn xi surabaya",negatif
"ptpn v catat laba berjalan rp 1,03 triliun di kuartal iii2022",positif
69 hektare lahan ptpn i terkena pembangunan tol indralayamuara enim diganti rugi,netral
cerita di balik kota mati tommy soeharto di karawang,netral
budiman sudjatmiko mundur dari komisaris ptpn v usai gabung tkn prabowogibran,negatif
ramairamai timses mundur dari komisaris bumn jelang pilpres,netral
"erick ungkap dana pensiun bumn bikin kerugian negara rp 300 m, ini 5 faktanya",negatif
ri maksimalkan peran bumn geber swasembada gula hingga energi,positif
warga terdampak banjir kalibaru banyuwangi akan direlokasi ke huntara,positif
ptpn v bangun kembali nadi ekonomi desa,positif
erick akan copot eks dirjen kemendag dari komisaris ptpn iii,negatif
pemko binjai gelar rapat koordinasi dan advokasi program bangga kencana,netral
pusat pabrik dunia batang punya keunggulan lahan dari brebes,netral
2 kasus pencuri sawit tewas usai keciduk sekuriti ptpn terjadi di sumut,negatif
agrowisata gunung mas yang tunggu giliran dibongkar itu dulu favorit keluarga,netral
kemenkop ukm beberkan 2 masalah bangun pabrik minyak makan merah,netral
penjelasan polisi soal ada 4 tersangka baru kasus korupsi di ptpn vi,negatif
"anak holding perkebunan punya 56.000 ha lahan sawit plasma, serap ribuan petani",positif
"cerita mentan amran muda, pernah gagal bikin racun tikus",netral
3 kisah tragis konflik asmara berakhir petaka di jabar,negatif
ptpn iv menyiapkan 400 kursi gratis mudik bersama bumn 2025,positif
ptpn iv regional iii kapalkan 10.000 ton cpo bersertifikasi rspo sg senilai usd9 juta ke eropa,positif
arh janji tak kabur usai penahanan ditangguhkan berkat mayor dedi,netral
tol laut jadi solusi pemerataan pasokan minyak dan gula di timur indonesia,positif
kambingkambing warga bondowoso kembali ditemukan mati misterius,negatif
pabrik kelapa sawit nihil limbah di aceh utara diresmikan,positif
"aturan baru menperin disoal, petani ada yang ingin gagalkan swasembada gula",negatif
ptpn v riau berangkatkan 550 pemudik ke dua provinsi,netral
video bos ptpn bongkar jurus bikin bisnis bumn perkebunan untung,netral
"dugaan korupsi ks, erick bila terbukti, harus tanggung jawab",negatif
"lebih besar dari wilmar, palmco bakal ipo hingga rp 10 t",netral
blakblakan bos holding bumn perkebunan geber transformasi,netral
saham 4 bumn karya terbang ternyata ini penyebabnya,negatif
"selain stafsus menteri erick, tsamara amany juga jadi komisaris bumn",netral
"proyek mangkrak kras rp 10 t, ada perintah jalan terus",negatif
"kasus mafia tanah di ptpn ii deli serdang, mahfud md sponsornya pebisnis",netral
"siapsiap saingan minyak goreng curah meluncur 2023, namanya sawit merah",netral
"bukan di amerika serikat, ini air terjun niagara bondowoso",netral
mengenal kopi ijen yang punya cita rasa kacangkacangan dan cokelat,netral
"usul prabowo serang aniesganjar, ini harta kekayaan budiman",netral
faktafakta sejauh ini bungkusan pipajam dekat denpom solo,netral
ikut rekrutmen bumn ini daftar gaji di kai sampai telkom,netral
"gula lokal kalah saing dengan impor, target swasembada 2028 bisa",netral
kpk geledah kantor ptpn xi surabaya,negatif
"usai bongkar kios pedagang, pemkab bogor bakal cek izin bangunan di puncak",netral
mengkhawatirkannya komoditas karet di jabar,negatif
melihat air terjun ditelan bumi dalam legenda nong pegghe bondowoso,netral
gimana kabar bensin pertamax green 92 ini kata pertamina,netral
lokasi pembongkaran kios pkl di puncak bakal dibangun tamanjalur pedestrian,positif
begini jurus pengusaha lokal biar terus berkembang,netral
pemprov jambi buka layanan mudik gratis 2025 gandeng bumn,positif
"tanah yang tidak dibebankan hak tanggungan secara hukum, tidak dapat dieksekusi.",netral
pj gubernur sulsel minta penyuluh petani cari lahan 2 ha untuk tanam pisang,netral
"jorjoran unilever suntik lagi kek sei mangkei rp 2,5 t",positif
"november 2023, palmco bakal mejeng di pasar modal",netral
"dalam 6 bulan, bumn setor dividen ke negara rp 24 t",positif
"usai ipo rp 10 t, palmco penuhi sepertiga kebutuhan migor ri",positif
polisi periksa 15 saksi soal pelajar tewas ditembak otk di sergai,negatif
inovasi ptpn iv regional iii mengoptimalkan operasional onfarm dan offfarm,positif
"soal produk, erick pak mendag bukan sosok yang senang impor",netral
"mentan amran sebut kebijakan pertanian ri salah, bakal lakukan ini",netral
bos holding ptpn janji lunasi pembayaran pensiunan tahun depan,positif
programcapaian bahtiar baharuddin 8 bulan jabat pj gubernur sulsel,netral
mantap laba bersih mandiri sekuritas meroket 137 di 2021,positif
rumah bumn dukung produk lokal di inacraft 2025,positif
mengintip kontribusi bumn jaga penerimaan negara hingga serap pekerja,positif
polisi soal pelajar tewas ditembak otk di sergai diduga hendak tawuran,negatif
"harga tbs sawit di riau tertinggi dalam sejarah, petani semringah",positif
"garang saat maki jokowi, remaja di riau minta maaf setelah ditangkap",netral
wagub emil beber update pembangunan tol probowangi terus on progress,netral
begini cara pln dongkrak energi terbarukan ri,positif
"erick murka, ptpn sarang korupsi  minta kasus diungkap",negatif
kakao run meriahkan festival cokelat glenmore banyuwangi,positif
40 juta liter minyak goreng curah bakal mengalir selama ramadan,positif
3 gudang tembakau di jember ludes terbakar,negatif
brebes bakal disalip batang jadi lokasi pabrikpabrik as,netral
bos ptpn iii bukabukaan soal aturan perkebunan ri,netral
"ipo tahun ini, phe bakal lepas 10 persen saham ke publik",netral
"korban banjir bandang kalibaru banyuwangi demo, minta relokasi dipercepat",negatif
"erick thohir mau rampingkan bumn lagi, ini bocoran yang bakal dimerger",netral
ptpn v remajakan 13.727 hektare perkebunan sawit inti hingga 2026,netral
perkara ganti rugi pembongkaran hibisc fantasy,negatif
cerita lemparan janur kiai mas jadi tempat berdirinya pg prajekan bondowoso,netral
gubsu edy aku nggak peduli bobby siapa,negatif
sinergi bumn dukung suplai gas dari energi terbarukan,positif
"mau fokus bisnis, bumn pangan lanjut jualan kondom meong",netral
"ptpn v raih laba rp1,5 triliun selama 2022",positif
"petani diajak gabung ke koperasi, dapat apa",netral
intip proses pucuk daun menjadi minuman dengan wisata kebun teh,netral
erick thohir ungkap pabrik migor bumn bakal melantai di bursa kuartal iv,positif
proyek psn bumn dapat relaksasi bphtb biar ngebut,positif
"100 persen rspo, ptpn iv regional iii rambah sertifikasi ip segregasi",positif
pabrik migor berkapasitas 2.500 tonhari dibangun di kek sei mangkei,positif
ptpn iv regional iii lakukan ekspor perdana 10.000 ton cpo bersertifikasi rspo sg senilai usd 9 juta ke eropa,positif
jurus bumn klaster pangan wujudkan swasembada gula 2028,netral
siapa pemilik palmco calon perusahaan sawit terbesar dunia,netral
ptpn v gelar siaga planters untuk tingkatkan operational excellence 2022,positif
pemkab serdang bedagai apresiasi kolaborasi dengan ptpn iv regional i untuk pencegahan stunting,positif
ptpn mau geber produksi gula pakai cara ini,positif
"mahasiswa ri di luar negeri bisa magang di bumn, ini daftarnya",positif
jalan panjang proyek kereta cepat jktbdg yang terancam molor lagi,negatif
"halo, pak jokowi harga migor mending naik daripada langka",negatif
"djp sumut i catat 210 ribuan orang sudah lapor spt, terbanyak lewat online",positif
jabar banten hari ini panji gumilang diperiksa polda716 ponpes fiktif terima hibah,negatif
"mau geser impor bbm, erick thohir genjot produksi etanol",positif
penganiaya pengelola parkir di medan pernah dihukum karena kampanyekan prabowo,negatif
"resmi dipecat pdip, budiman sudjatmiko pakai 2 mobil ini",netral
bahlil beberkan kek sei mangkei sepi peminat,netral
"bawa nama prabowo, warga bojong koneng adukan sentul city ke komisi iii dpr",negatif
"progres 80, kereta cepat jakartabandung uji coba bareng g20",positif
"disuntik modal dari negara, saham kras  giaa lari kencang",positif
"irt tipu warga modus masuk tnipolri jadi tersangka lagi, kerugian rp 3,3 miliar",negatif
"dapat restu jokowi, erick restrukturisasi besarbesaran bumn",positif
"harga sembako berlompatan, ini aksi bumn pangan yang baru",negatif
begini nasib karyawan saat 7 bumn dibubarkan,negatif
pemerintah minta ptpn cs lebih galak soal ketahanan pangan,positif
duduk perkara keluarga mayor dedi jadi tersangka kasus tanah hingga dilepas,netral
jurus bumn cegah pegawai terlibat narkoba,negatif
kemenhub restui konsesi kereta cepat jktbdg diperpanjang jadi 80 tahun,netral
tersangka korupsi cpo lin che wei sempat jadi staf kemenko,negatif
pemandian air panas ciwalini yang eksis hingga kini,netral
pln percepat pembangunan proyek tol listrik sumatera,positif
ptpn iv regional iii perkuat budaya kesehatan dan keselamatan kerja,positif
menteri atr 25 tahun masalah lahan ptpn di megamendung tuntas hari ini,positif
7 wisata alam indonesia yang lagi hits dan terbaru di 2023,netral
"disebut ada korupsi, begini kondisi di ptpn kini",negatif
road to gothia cup 2025 daftar 20 tim di grand finale,netral
bos bpkp 4 dapen bumn bermasalah kelola duit rp10 t,negatif
pj gubernur ajak pelaku produksi wujudkan jatim swasembada gula,netral
siapsiap erick thohir bakal rombak habis manajemen pupuk,netral
"disuntik rp 52 t, bumn dianggap selalu jadi parasit apbn",negatif
"pemandian air panas ciwalini, kehangatan di kebun teh yang dingin",netral
"ri targetkan swasembada gula di 2025, bumn bisa apa",negatif
klhk segel lahan terbakar di perkebunan tebu ptpn vii cinta manis,negatif
"qatar mau bangun 1 juta rumah di ri, ini lokasinya",positif
"unhas uji bergerak darat pesawat montir tamatan sd, bisa melesat 240 kmjam",netral
"fokus ebt, ptpn iii bakal bangun pabrik ke2 untuk produksi etanol",positif
terungkap frisian flag jadi mitra program susu gratis prabowo,netral
"banyuwangi rekonstruksi 36 jembatan di 2023, pengerjaannya padat karya",positif
"kacau stok gula menipis mau puasa, ini efek bahayanya",negatif
"glenbaru, wisata baru banyuwangi tawarkan jelajah kebunsitus bersejarah",netral
"tingkatkan produktivitas, ptpn viii dan serikat pekerja buat kesepakatan",positif
"holding bumn perkebunan punya palmco, apa untungnya buat petani",netral
"ri bangga, palm co akan menjadi produsen cpo terbesar dunia",positif
"bukan cuma bulog, ini daftar bumn yang terjerat utang triliunan",negatif
"garuda hingga kras, 5 bumn ini dapat pinjaman rp 19,6 t",positif
"usai bunuh mahasiswa unej, pelaku nikahkabur ke bali hingga tertangkap",negatif
erick bongkar penyelewengan 4 dapen bumn ada kerugian negara rp 300 m,negatif
penangkapan spesialis curanmor di lampung diwarnai baku tembak,negatif
"situs balekambang, hotel hayam wuruk saat berkunjung ke blitar",netral
"ikuti arahan jokowi, pertamina terus genjot proyek ebt",netral
10 wisata sejarah di jember untuk liburan bareng anakanak,netral
pelaku tabrak lari pelajar dan pembunuhan pensiunan karyawan ptpn v belum ditangkap,negatif
nasib terkini rumah sakit pertama di sumut,netral
"belasan tahun sulap ribuan hektare hutan di kampar jadi kebun sawit, apakah ptpn v bayar pajak",negatif
mengenal pura penataran dharmaraksaka dan asalusul kampung bali di sergai,netral
pupuk indonesia gaet tni adptpn optimalkan 1.000 ha lahan di jabarjatim,positif
"tak cuma lrt, proyek kereta cepat jktbdg bengkak rp 27 t",negatif
"79 warga pamijahan bogor ngungsi imbas gempa, pemkab buka opsi relokasi",negatif
"izinkan warga memanen, hadi kirim satgas ke lahan sengketa tegalrejo",netral
perjalanan kereta cepat ditikung china hingga biaya proyek bengkak,negatif
sukses penanaman padi gogo pt perkebunan nusantara iv palmco bersinergi pengan polri membudidayakan jagung,positif
ngonten di tower sutet ala deni yang berujung petaka,negatif
"membelot dukung prabowo, berapa sih harta budiman sudjatmiko",netral
"rebutan impor di balik perpres gula, pengamat penyakit lama, itu uang besar jelang pemilu",negatif
pilunya warga labuhanbatu tewas tersambar petir saat lomba hut ri,negatif
samsul tarigan tak ditahan di kasus penguasaan lahan yang rugikan ptpn rp 41 m,negatif
"jpsn curhat ke ketua dpd ri, berharap 17 juta petaniburuh sawit dibantu",negatif
ptpn xi buka lebar akses informasi bagi kpk untuk penyelidikan,netral
ptpn iv regional iii menandatangani perjanjian penggunaan perairan dengan ksop kelas ii pekanbaru,netral
jaksa agung habisi mafia tanah,netral
kolaborasi ptpn v reboisasi hutan lindung bukit suligi,netral
kemenko pangan proyeksikan padi psr ptpn iv regional iii hasilkan 50 ton gabah,positif
ptpn iv regional iii kembali salurkan bantuan penanggulangan banjir akibat bencana hidrometeorologi 5 kabupaten di riau,positif
"nggak cuma gaji, holding bumn perkebunan tebar bonus ini buat petani",positif
kakek pedagang sayur di labuhanbatu tewas ditikam tetangga berkalikali,negatif
terungkap pembunuh pensiunan ptpn v di pekanbaru ternyata sopir sendiri,negatif
"video waspada harga gula melonjak efek stok menipis, ada solusi",netral
sinergi ptpn vaiken jepang maksimalkan pemanfaatan ebt melalui teknologi egsb,positif
lengkap sentul city bukabukaan soal polemik lahan dengan rocky gerung,netral
sapi milik warga aceh timur kembali dimangsa harimau,negatif
"pakai batik kuning, sahrul gunawan sambut kunjungan wabup bantul",netral
pria ini gosong tersengat listrik usai panjat sutet demi ngonten,negatif
erick thohir minta swasta tanggung jawab atasi masalah minyak goreng,negatif
"ptpn iii usulkan pmn non tunai rp828,36 m",netral
"pangkostrad gandeng petani garap lahan di pangandaran, bupati apresiasi",positif
"menjajal mudik tak biasa, jalur pansela jalanan paling selatan jawa",netral
sederet wisata dan karnaval yang jadi daya tarik jember,netral
pembangunan bianglala di kebun teh puncak dihentikan sementara,negatif
"dear mahasiswa unimed, lakukan hal ini jika mau dapat beasiswa",positif
tengok perkembangan palmco deh... jadi ipo nggak sih,netral
"kawasan batang bikin jokowi happy, bagaimana perkembangannya",netral
ternyata ini temuan harta karun ri yang dipamerkan erick thohir,netral
kpk geledah kantor ptpn xi surabaya terkait lahan di pasuruansitubondo,netral
ri gandeng jepang sulap limbah jadi ebt,positif
viral oknum polisipetugas parkir ribut di medan,negatif
implementasi cofiring pltu dinilai tingkatkan skala ekonomi biomassa,netral
"dolar tembus rp 16.000, ini pesan erick ke pertamina, pln cs",netral
"erick sebut ada korupsi laten ptpn, tanri abeng bilang begini",negatif
"minyak goreng diramal masih mahal meski pasokan banjir, bumn perlu dilibatkan",netral
memupuk masa depan green economic zone di sei mangkei,netral
"yuk menikmati suasana desa coklat di banyuwangi, suejuk masszzeh",netral
bupati mojokerto dukung revitalisasi industri gula nasional,positif
kabar baik harga sawit di riau pekan ini tembus rp 2.552kg,positif
"9 tempat angker di sukabumi, jembatan kuningpabrik peninggalan belanda",netral
polri dukung langkah percepatan swasembada pangan,positif
"tidak cuma bobocabin, ada lokasi lain di puncak dan gunung geulis disegel",negatif
"dampak karhutla di kabupaten oki, klhk segel lahan sawit milik pt sa",negatif
saksi sudah meninggal dipanggil kpk bukan pertama kali ini terjadi,negatif
bocoran terbaru soal jumlah bumn mau dipangkas jadi 30,netral
video jurus ptpn genjot produksi tebu di tengah lonjakan harga gula,positif
kapan umkm naik kelas ini strategi bri demi sinergi bumn,netral
"gak dipecat pdip, 90 harta budiman sudjatmiko di aset ini",netral
duh penyelewengan duit pensiun bumn lebih dari rp 300 m,negatif
"remaja di riau viral hina jokowi, ditangkap lalu kena wajib lapor",negatif
dirut ptpn iii bongkar cikal bakal transformasi holding perkebunan negara,netral
daftar panjang timses hingga politikus yang jadi komisaris bumn,netral
erick thohir kita jangan terjebak imporimpor terus,positif
"mantan ketua koppsam beri tanggapan terkait gugatan wanprestasi ptpn iv regional iii, ini penjelasannya",negatif
"24 tenant ikut bazar ramadan kejati sulsel, ada sembakokue lebaran",positif
samsul tarigan yang didakwa rp 41 m gegara sulap lahan ptpn jadi diskotek,negatif
erick thohir sebutkan 4 industri andalan untuk lawan resesi 2023,positif
ptpn v model transformasi digitalisasi,netral
"bukan larangan ekspor, ini cara kendalikan ketersediaan migor",netral
"bumn genjot budidaya kopi agar bisa diekspor, ini caranya",netral
"jelang kick off liga 2, pemain senior psms medan supardi masih cedera",negatif
"miniatur kabah di masjid dirobohkan perusahaan, mui langkat mediasi",negatif
206 benda mirip granat tangan ditemukan di banyuwangi,netral
duh deni luka bakar 80 persen akibat panjat sutet demi konten,negatif
dprd banyuwangi keluarkan rekomendasi atasi banjir,netral
melihat tugu garuda pancasila di kompleks eks pabrik gula delanggu,netral
"pt perkebunan nusantara v meraih tingkat kepuasan pelanggan sebesar 87,84",positif
jokowi launching gerakan bioetanol tebu di mojokerto,positif
resmi amran sulaiman jadi mentan gantikan syl,netral
"jadi ujung tombak pemerintah tekan polusi, bumn siap",negatif
erickijeck resmikan pabrik minyak goreng merah di deli serdang,positif
anak usaha bakal bikin lahan jumbo bumn perkebunan jadi lebih cuan,positif
potret perumahan di karawang yang jadi kota mati usai orde baru tumbang,netral
"ptpn iv regional iii gandeng polri, budidaya jagung pipil perkuat ketahanan pangan",positif
respons pemkab pandeglang soal ibu hamil ditandu lewati hutan,negatif
"harimau berkeliaran di siak, bbksda riau pasang perangkap dan kamera",netral
"sidang gugatan ptpn iv regional iii vs koppsam, ahli hukum perkuat posisi masyarakat",negatif
kpk periksa 6 saksi dugaan korupsi pengadaan lahan ptpn xi,negatif
"mobil terbakar di jalur jemberbondowoso, sopir malah kabur",netral
masih dibuka daftar rekrutmen bumn  tata cara pendaftaran,netral
"ptpn iv regional iii raih 100 persen sertifikasi rspo, perkuat komitmen sawit berkelanjutan",positif
berebut kuota impor di balik perpres percepatan swasembada gula,netral
"tak dapat pupuk subsidi, petani ijen bondowoso ancam golput di pemilu 2024",negatif
andre rosiade minta ptpn dukung pemerintahan prabowo capai swasembada pangan,positif
bahtiar jadikan bone pusat persemaian bibit pisang kapasitas 40.000 di sulsel,positif
hunian tetap untuk 66 korban banjir kalibaru banyuwangi mulai dibangun,positif
"maruarar  budiman kompak tinggalkan pdip, ternyata segini hartanya",netral
"kereta cepat jktbdg studi awal jepang malah digarap china, eh biaya bengkak",negatif
"restrukturisasi utang rp 45 t, ini titah erick thohir ke ptpn",netral
"ptpn v salurkan dana talangan rp 1,08 miliar kepada ratusan anggota kopsam",positif
"harga bbm naik, erick thohir minta direksi pertamina siaga 3 hari",netral
"bantah petani milenial gimmick, ridwan kamil evaluasi butuh setahun",negatif
warga ikut bongkar paksa hibisc fantasy di puncak bogor,negatif
holding perkebunan sebar 108 ton minyak goreng curah rp 12.000kg,positif
blakblakan stafsus erick thohir soal kereta cepat bengkak,negatif
kasus baru bikin irt tipu warga modus masuk tnipolri sandang 2 status tersangka,negatif
tampang pria penikam kakek pedagang sayur hingga tewas di labuhanbatu,negatif
ptpn iv regional iii salurkan bantuan untuk korban banjir pekanbaru,positif
minyak makan merah dan masa depan hilirisasi kelapa sawit indonesia,netral
pria di tanah laut bunuh istri pakai pemotong sawit gegara cemburungomel,negatif
"holdingisasi, jurus pemerintah dorong bumn makin efisien",netral
bumd dki akan bangun pabrik minyak goreng di cilegon,positif
"kras hingga ptpn iii, ini direksi bumn tersangka kpk di 2019",negatif
"beredar bocoran draft perpres industri gula, petani mau swasembada atau monopoli",negatif
"restrukturisasi  direksi yang tepat, kunci atasi utang bumn",positif
ptpn iv dan polri berkolaborasi dorong budidaya jagung untuk ketahanan pangan di riau,positif
"umkm binaan bumn raih penjualan rp 5,7 miliar di inacraft 2025",positif
samsul tarigan dituntut penjara 2 tahun karena kuasai lahan ptpn di binjai,negatif
ujian berat psgc ciamis di babak 80 besar liga 3 nasional,netral
"dana talangan untuk tiga bumn ini dibatalkan dpr, diganti pmn",netral
8 rekomendasi wisata sejarah dan warisan budaya di surabaya,netral
2 proyek transportasi canggih kebanggaan jokowi yang diresmikan tahun ini,positif
hilang jabatan dirut berdikari gegara pistol meletus di bandara,negatif
"1 pelajar di serdang begadai tewas ditembak, begini kejadiannya",negatif
"biaya bangun kereta cepat jktbdg bengkak terus, kcic buka suara",negatif
sst ada investor tertarik beli 49 saham perusahaan gula ptpn,positif
"menteri erick bukabukaan soal merger bumn terbaru, ini bocorannya",netral
"ptpn iv hadirkan saksi ahli di persidangan, begini tanggapan kuasa hukum koppsam",netral
dirut ptpn xi surabaya sempat diperiksa kpk saat penggeledahan,negatif
"siapsiap importir susu nangis darah, wamentan akan lakukan ini",netral
"antisipasi dampak el nino, ini jurus ptpn jaga produksi kopi",positif
terkuak ini 3 masalah utama yang gerogoti dana pensiun,negatif
hukrim populer bantahan bahar bin smithaksi pemuda cabul rekam 8 siswi,negatif
"pln pasok listrik 9,3 mw untuk dukung operasional 2 pabrik kelapa sawit ptpn v",positif
"jadi tempat wisata baru, intip kemegahan rest area heritage",netral
"pabrik pengemasan teh retail ptpn iv produksi 1,2 juta kemasan per tahun",positif
"bbm diganti ke pertamax green 92, petani tebu bisa ikut cuan",positif
ramai soal nilai akuisisi rabobank  erick mau hapus bumn,negatif
hilirisasi sawit bakal naik level danantara buka peluang baru bagi ptpn,positif
petani lamongan sambat solar langkagabah murah ke erick thohir,negatif
jurus bumn ini bisa disontek buat geber peremajaan sawit petani,positif
warga ngamuk di kantor dprd enrekang karena jadwal rdp mulur hingga malam,negatif
bpk holding perkebunan bikin ptpn makin sakit,negatif
"kondisi terkini deni, pria garut yang nekat panjat sutet demi selfie",negatif
"ri bakal punya acuan harga cpo sendiri, holding perkebunan ungkap untungnya",positif
erick thohir ungkap cerita di balik layar soal merger pelindo,netral
sinyal keras ipo perusahaan bumn muncul di dpr,netral
"bersama markplus, pemkab musi luncurkan buku musi banyuasin 2030",positif
10 fakta terkini aksi show of force mayor dedi di polrestabes medan,netral
jembatan darurat dibangun buka isolir 6 kampung terimbas banjir di banyuwangi,positif
"top laba bumn migas, tambang, agribisnis dkk melompat 235",positif
kembalikan tanah adat pantai raja kampar riauptpn v berhenti rampas tanah rakyat,negatif
apa kabar aksi korporasi palmco ptpn iii ini kata erick,netral
"cadangan gula nasional capai 449 ton, harga di petani aman",netral
3 pria kepergok curi pipa besi ptpn 4 di simalungun,negatif
ini daftar 35 toko di medan agen minyak goreng curah rakyat,netral
erick thohir mau laporkan 2 dapen bumn ke kejagung bulan ini,netral
cara baru pengolahan daun teh pakai bahan bakar gas,positif
kemenko pangan proyeksi padi saat peremajaan sawit di siak,netral
"8 oleholeh khas jember, dari olahan tape hingga cerutu",netral
"sengketa lahan sawit koppsam vs. ptpn iv memanas, eks ketua koperasi dilaporkan ke polda riau",negatif
"surabaya punya 2 cagar budaya nasional baru, aktivis soroti yang hilang",netral
14 tempat wisata malang yang seru dan cocok untuk keluarga,netral
"pensiunan bumn di pekanbaru tewas dalam rumah, mobilbarang berharga raib",negatif
ri bisa jadi rujukan pembentukan harga acuan cpo dunia,positif
"erick thohir temukan harta karun ri, apa itu",netral
jenazah pembunuh mama muda di padalarang ditolak warga,negatif
makin panjang perseteruan gubsu edy vs walkot bobby,negatif
"holding perkebunan bayar utang rp 18 t, masih sisa rp 30 t",netral
empat anak usaha holding ptpn cetak laba,positif
zulhas segel 4 perusahaan terindikasi perusak lingkungan di bogor,positif
jampidum kejagung masih ada mafia tanah di kantor bpn,negatif
"viral kebun jagung dibabat anak bumn perkebunan, warga pasrah dan menangis",negatif
danantara diharapkan dorong hilirisasi sektor perkebunan,positif
"ptpn group di 20212024 raih laba rp 14,9 t",positif
"video genjot produksi gula lokal, ptpn minta impor gula ditahan",positif
"dalam kondisi berat, ptpn punya utang rp 48 t",negatif
dirut pertamina pak erick selalu handson,netral
"jokowi suntik kai rp 4,3 t, kebut proyek kereta cepat jktbdg",positif
ptpn v kembali kantongi sertifikasi rspo,positif
erick thohir pastikan phe  palmco melantai di bursa tahun ini,positif
"bumn dipangkas jadi 30, deretan perusahaan negara ini bakal merger",netral
4 kejanggalan pkpu antam yang diajukan budi said,negatif
jejak peninggalan belanda di kebun kopi bondowoso,netral
penyumbang laba bersih ptpn v berasal dari kelapa sawit,positif
"jurus id food kejar swasembada pangan, tanam 692 ha lahan dengan padisawit",positif
areal psr ptpn iv regional iii di siak diproyeksikan hasilkan 50 ton gabah,positif
juragan teh re kerkhoven manis kelola bisnis dan cinta yang tragis,netral
"alih fungsi lahan di puncak disorot gubernur jabar, pt jaswita angkat bicara",netral
mau cuan baca dulu nih info terupdate market,netral
aroma horor pabrik penghasil karet tjipetir sukabumi,netral
tambah panjang lokasi di bogor disegel buntut pemicu banjir jabodetabek,negatif
ptpn iii gandeng investor asing demi naikkan produksi gula,positif
3 area terbengkalai di jabar jadi buruan pehobi wisata horor,netral
"erick thohir mau bikin kopi ri naik kelas, petani makin mudah dapat modal",positif
"katanya ipo tahun ini, palmco belum serahkan dokumen ke bei",netral
ojk revisi aturan pasar modal hingga soal korupsi di bumn,negatif
"libatkan masyarakat medan, pegadaian angkut 1,6 ton sampah di sungai deli",positif
sepak terjang gpx rizaa di ranah esports free fire,netral
"2 tahun absen imbas pandemi, pameran kerajinan umkm ini muncul lagi",positif
"kota mati tommy soeharto di karawang, perumahan korban runtuhnya orba",netral
"ribuan peserta ikuti festival akuatik 2023, jadi babak kualifikasi pon 2024",positif
7 rekomendasi tempat wisata di malang untuk liburan seru akhir pekan,netral
samsul tarigan divonis 16 bulan penjara karena kuasai lahan ptpn di binjai,negatif
"harga tbs sawit di riau naik terus, pabrik ikut aturan main",positif
"ptpn salurkan 5,5 ton sembako ke korban banjir bandang luwu",positif
"dibina bumn, ridwan kamil proyeksikan bumdes di jabar naik kelas",netral
"sayang banget, wisata alam blitar ini tak terawat dan bau tak sedap",negatif
anak karyawan maling kelapa sawit diduga dilepaskan papam ptpn v tamora,negatif
kepala bpkp ungkap 2 dana pensiun bumn terindikasi fraud,negatif
"saham sektor energi menguat di tengah pandemi, intip fundamentalnya",positif
"holding perkebunan mau bentuk palmco, industri diramal moncer",positif
kejagung periksa eks bupati indragiri hulu di kasus pt duta palma,negatif
daftar lengkap 8 petinggi bumn yang mundur demi ikut kampanye capres,netral
"pemilik masuk daftar hitam, kejagung sita lahan pt duta palma",negatif
bagaimana rencana ipo palmco ini penjelasan dirut,netral
"ri bakal punya produk bbm baru, ini dia produsennya..",positif
"jember punya wisata kebun teh lho, sudah tahu",netral
dprerick thohir rapat bahas suntikan modal negara dan ipo bumn,netral
"aset holding bumn perkebunan luas banget, bagaimana biar nggak diserobot",positif
"ketuk swasta soal minyak goreng, erick thohir jangan jadi orang asing",netral
polisi buru pembunuh anggota geng motor di bandung barat,netral
"perhatian 38 bumn buka lowongan 898 pegawai, pendaftaran ditutup 7 desember",positif
"camping embun, cara banyuwangi urai masalah adminduk di hutanperkebunan",positif
"kcic minta konsesi kereta cepat jadi 80 tahun, kemenhub data belum lengkap",netral
pulihkan das desa batu gajah ptpn iv regional iii dikatakan siap bantu bibit,positif
"eksekusi lahan ptpn 7 di lampung sempat ricuh, 4 orang diamankan",negatif
tuntutan penjara 2 tahun untuk samsul tarigan,negatif
"manager kebun terantam diduga tutup mata, terkait oknum personil yang diduga melakukan penjualan tbs",negatif
jejak pembengkakan biaya kereta cepat dari 20162021 naik rp 34 triliun,negatif
"gentongan, air terjun asam namun eksotis di bondowoso",netral
"pensiunan ptpn v diduga dibunuh, banyak luka bekas benda tajam",negatif
bupati sukabumi soal aktivitas tambang jadi penyebab bencana,negatif
bos pertamina beberkan rencana ipo dua anak usaha,netral
dedi mulyadi turun langsung bongkar taman rekreasi milik bumd jabar,netral
ptpn iv regional iii kirim 4.000 metrik ton cpo rspo model identity preserved ke pasar global,positif
negara sudah gelontorkan rp 75 t ke para bumn di 2020,netral
"harga sawit di riau jatuh lagi, pekan ini rp 2.585kg",negatif
"bumn kebun bentuk palmco, pasokan minyak goreng dijamin aman",netral
bupati batu bara marah proyek parit mepet ke badan jalanbahayakan pengendara,negatif
awal mula deni ngonten di sutet hingga gosong tersengat listrik,negatif
"terungkap, jokowi marah ke ptpn soal lahan untuk perusahan as",negatif
kartika wirjoatmodjo blakblakan arah digitalisasi bumn,netral
"ri kebut peremajaan lahan sawit rp 5 t, 180 ribu ha di 2021",positif
"target produksi gula 1 juta ton, pt sgn ungkap strateginya",positif
"ri punya kebun kopi terluas, produktivitas kok tertinggal",negatif
"duduk bareng 2 menteri hingga kepala bapanas, petani tebu minta ini",netral
komeng minta tak ada pilih kasih tertibkan bangunan langgar aturan di puncak,negatif
"siapsiap ri bakal diserbu gula impor, bahaya",negatif
"harga migor terus turun, dmo dicabut bikin terbang lagi",positif
ptpn iv regional i tanam perdana program peremajaan sawit rakyat,positif
erick thohir merger angkasa pura 1  2 rampung februari 2024,netral
"diduga tutupi bobrok oknum karyawan, menejer kebun terantam bungkam saat dikonfirmasi oleh wartawan.",negatif
jabar hari ini bisnis hitam narkotika anak lilis karlina,negatif
polisi endus kejanggalan dari kasus mayat dengan luka gorok di garut,negatif
begini perkembangan penyelesaian kasus jiwasraya  asabri,netral
bumn pede target dividen tercapai berkat holdingisasi,positif
"bi di luar dugaan, investasi ke jabar kian deras",positif
laris manis ri jual teh ke malaysia rp 57 miliar,positif
ptpn iv regional iii kantongi rspo di seluruh wilayah operasionalnya,negatif
segarnya mandimandi di kolam mata air pemandian alam sejuk simalungun,netral
"sssst... ada industri sawit mau melantai di bursa, kepoin prospeknya",netral
4 orang terlibat kasus remaja tewas ditembak di sergai ditangkap,negatif
kejati sulteng usut dugaan korupsi pt ras morut caplok kawasan hgu ptpn xiv,negatif
"umbul brintik klaten, dikunjungi sultan hingga tamu luar negeri untuk terapi",netral
"sengketa kebun sawit ptpn iv regional 3 vs koppsam, fakta baru terungkap di pengadilan",netral
"pemkab bogor bakal tertibkan vila ilegal di puncak, terancam bisa ditutup",negatif
samsul tarigan didakwa rugikan negara rp 41 m gegara kuasai lahan ptpn,negatif
dlh bandung ungkap sejumlah penyebab meluapnya sungai ciwidey,negatif
"awas harga minyak goreng diramal bakal naik terus, ini penyebabnya",negatif
peran anak bumn ri bantu atasi dekarbonisasi industri sawit,positif
begini tampang supir yang habisi pensiunan ptpn v di pekanbaru,netral
"ptpn v distribusikan 28 ton migor curah murah di pekanbaru, hanya rp12.000 per kilogram",positif
97 kopi made in garut hingga toraja mejeng di pameran eropa,positif
"panen perdana program psr, mitra ptpn v",netral
djka kemenhub rampungkan sertifikasi 698 bidang tanah di sumut,positif
"menjelang perpanjangan hgu, pj bupati kampar minta ptpn v penuhi harapan masyarakat.",netral
"harga gula mulai terbang, stok mulai seret di pasar",negatif
"duh 32 proyek jokowi belum rampung, berpotensi mangkrak",negatif
sedih ini data banjir yang melanda sejumlah wilayah ri,netral
ptpn v tingkatkan kelestarian sungai,positif
"warga medan sambut kedatangan presiden jokowi, jalanan macet",netral
"menteri lh hibisc fantasy berada di tengah hulu ciliwung, sangat bahaya",negatif
erick thohir minta bumn gandeng swastapetani jangan semua diambil,netral
erick thohir beberkan jurus tekan impor bbm,positif
penampakan karet oblong yang tewaskan bocah di dekat pabrik tjipetir,negatif
brantas abipraya bantu warga jember terdampak covid19,positif
"holding bumn perkebunan dukung bersihbersih perusahaan, begini caranya",netral
"top holding bumn perkebunan cetak laba rp 5,5 t",positif
bumn perkebunan ini tembus aturan deforestasi eropa,positif
"produktivitas petani mitra psr ptpn v capai 29,23 tonha",positif
"ri mau geber industri sawit hingga gula, tenaga kerjanya siap",netral
"penghasil sawit terbesar, kapan ri bisa atur harga acuan cpo",netral
"hijaukan indonesia, taspen aktif di hari menanam pohon 2021",netral
"sempat jadi sorotan bpk, apa kabar kinerja bumn perkebunan",negatif
warga gelar demo beri dukungan moral rekan yang disidang di pn bondowoso,netral
"4 truk2 minibus kecelakaan beruntun di jambi, 2 rumah rusak",negatif
"terkait hgu dan tuntutan masyarakat ptpn v di tapung hulu, pemda kampar akan surati kementerian bumn.",negatif
jokowi suntik ratusan triliun untuk bumn  lembaga di 2022,positif
transformasi bawa produktivitas ptpn meroket,positif
bos palmco bukabukaan rencana peremajaan sawit hingga kembangkan ebt,positif
"umbul brintik klaten, umbul kesehatan favorit sultan dan dilirik investor",netral
"galian parit gajah ptpn iv regional iii kebun sei rokan, bocah 12 tahun tewas tenggelam",negatif
"erickara kumpulkan pengembang, bahas tanah buat bangun rumah",netral
ptpn iv palmco perluas program pengentasan stunting di 6 provinsi,positif
wamen bukabukaan soal proyek 13 bumn mangkrak,negatif
"ptpn iv regional v gelar tanam perdana jagung, sukseskan asta cita presiden prabowo  pontianak post",positif
warga luwu timur nginap di kebun sawit buntut sengketa lahan dengan ptpn,negatif
"usai rapat dengan mentan, erick thohir beri peringatan keras hal pupuk",netral
"masyarakat desa kasikan dan talang danto tolak perpanjangan hgu ptpn v, apa sebabnya",negatif
"siaga pemerintah tak punya cadangan 9 bahan pangan ini, beras aman",netral
"cuan holding bumn perkebunan kantongi laba bersih rp 6,02 t",positif
polda sumut bantu polres buru pelaku penembakan pelajar di sergai,negatif
"dukung green energy, pertamina bakal investasi rp 253,8 t",positif
"luhut pimpin komite kereta cepat jakartabandung, begini deretan tugasnya",netral
"dampak corona, garuda  krakatau steel siap disuntik rp 12 t",netral
holding bumn perkebunan di jambi target laba rp 50 miliar,positif
pt perkebunan nusantara iv ptpn iv regional iii menunjukkan komitmen dalam praktik perkebunan berkelanjutan,positif
"harga sawit di riau turun lagi, pekan ini rp 2.603kg",negatif
tragedi bus rombongan tk muat 92 orang masuk jurang rembangan jember,netral
"polisi sulit tangkap pembunuh pensiunan ptpn v, pelaku berpindahpindah",netral
kppu dorong kebijakan baru buat ciptakan persaingan sehat di industri gula,positif
"erick sebut 3 bumn punya utang tinggi ptpn, bumn karya  kai",negatif
jurus holding bumn perkebunan geber kinerja buat dongkrak ekonomi ri,positif
profil prof suharnomo rektor baru undip semarang,netral
menimbang waktu yang tepat bagi pabrik migor bumn melantai di bursa,netral
harga cpo riau naik ini daftarnya,positif
ptpn iv regional iii salurkan bantuan ratusan korban banjir di batu langkah,positif
mantap dheo wakili riau di kompetisi bola internasional di malaysia,positif
"polling jokowi minta kereta cepat dibangun pakai uang rakyat, setuju atau tidak",netral
aksi bumn dorong pengembangan infrastruktur hijau,positif
ceo lepas pesepakbola belia ssb ptpn v ke putaran nasional piala soeratin,positif
"bakal jadi raksasa gula ri, ini kebun gula milik sugar co",positif
terkuak sumber susu pendukung program makan gratis prabowo,netral
dpr soroti penyelewengan dapen bumnlonjakan harga beras,negatif
"kena kasus korupsi migor, dirjen daglu mau dicopot dari jabatan komisaris bumn",negatif
ptpn iv regional iii riau salurkan bantuan korban banjir di rokan hulu,positif
"naik tipis, harga sawit di riau pekan ini rp 2.805kg",positif
5 tempat angker di kediri yang menyimpan cerita mistis,netral
dpr panggil erick thohir bahas dana talangan hingga pmn 2020,netral
"langgar alih fungsi lahan di puncak, gubernur dedi segel 4 bangunan",negatif
"siapsiap, 4 bumn ini mau ipo kamu pilih mana",netral
"otomatisasi hilangkan 56 pekerjaan, begini kata erick thohir",netral
"kcic minta konsesi kereta cepat jadi 80 tahun, kemenhub belum memutuskan",netral
"terungkap luasan agrowisata di puncak melebihi batas, diduga sebabkan banjir",negatif
"mudik ke klaten, mengenang masa jaya pabrik karung goni delanggu",netral
busyro sindir aksi bagibagi jabatan komisaris di pemerintahan jokowi,negatif
"ipo palmco mundur, bos holding perkebunan target 2026",netral
bumn sebar 40 juta liter minyak goreng rp 14.000,positif
"temui pj bupati bogor, bey machmudin bahas penataan kawasan puncak",netral
"harga gula di sumut tembus rp 19 ribu per kg, begini tanggapan disperindag",negatif
desa tandun dapat bantuan satu ekor sapi kurban dari ptpn v regional iii sei tapung  ski nusantara post,positif
ar hasibuan tersangka di polrestabes medan ternyata sepupu mayor dedi,netral
pemkab bogor pastikan izin eiger adventure land di puncak bogor dari kemenhut,netral
"produksi  utilisasi dinaikkan, laba ptpn iii meroket 508",positif
penyebab perum karawang baru jadi kota mati tommy soeharto,netral
melihat kampung ilmu untuk pendidikan tanpa sekat gagasan imam prasodjo,netral
pabrik minyak makan merah yang diresmikan jokowi bisa produksi 7 tonhari,netral
ptpn iv regional iii meraih persentase trossen telling tertinggi di sub holding ptpn iv palmco,positif
pt perkebunan nusantara iv regional iii berikan dua unit kendaraan pengangkut sampah,positif
mau cuan perhatikan informasi terkini emiten berikut,netral
"nambah lagi, 7 dapen bumn bakal dilaporkan ke kejaksaan agung",negatif
"gegara kegagalannya bangun kebun sawit kkpa, ptpn v malah gugat petani koppsam kampar",negatif
"ramai poster erick thohir for presiden, stafsus kami nggak pernah bikin",negatif
"el nino nggak ngaruh, produksi holding pabrik gula bumn naik sepanjang 2023",negatif
penyebab banjir bandang di kalibaru banyuwangi alih fungsi lahan,negatif
"dasar bandel, bangun lagi, bangun lagi",negatif
"usai disegel, 4 tempat wisata puncak akan dibongkar buntut sebabkan banjir",negatif
sipir rutan pekanbaru tabrak polisi gegara takut ditangkap bawa sabu,negatif
"komitmen keberlanjutan, kebun terantam ptpn iv regional iii catat produksi optimal",positif
"jelaskan alasan kereta cepat didanai apbn, arya sinulingga jangan dipelintir",netral
dirut ptpn iii tersangka suap distribusi gula,negatif
"wamen holding bumn survei, pangan  pertahanan segera rilis",positif
pt perkebunan nusantara iv regional iii menunjukkan komitmen dalam praktik perkebunan berkelanjutan,positif
"bpk temukan 13 bumn terima pmn 10 t belum tuntas, ini kata stafsus erick",negatif
transformasi bumn sawit menuju industri sawit berkelanjutan,positif
inikah kota raksasa baru yang dilewati kereta cepat jktbdg,netral
"nekat tabrak polisi karena bawa sabu, sipir rutan pekanbaru terancam dipecat",negatif
"kembali tertinggi sepanjang sejarah, laba bersih ptpn v tembus 1,3 triliun rupiah",positif
plts sei mangkei bisa turunkan emisi karbon 1.300 tontahun,positif
kebun terantam ptpn iv regional iii capai produksi optimal dengan standar keberlanjutan,positif
mendag siapkan izin impor gula 200 ribu ton,netral
"program kompor listrik batal, proyek ini bisa gantikan lpg",netral
usul andre rosiade ke erick thohir demi pulihkan harga tbs sawit di sumbar,netral
"kereta cepat jktbdg sampai ke surabaya, siapa yang garap",netral
jurus m. abdul ghani dongkrak bisnis holding bumn perkebunan,positif
"ratusan benda mirip granat ditemukan di banyuwangi, jibom akan diterjunkan",netral
"10 wisata di pangalengan dan ciwidey, lengkap nih dengan harga tiketnya",netral
"amankan aset penting, holding bumn perkebunan gandeng polri",positif
aksi jerrypatrick walujo hingga rencana besar erick di kras,netral
"berproduksi, kebun sawit ptpn v di kawasan hutan konservasi jadi polemik warga batu gajah",negatif
"pensiunan ptpn v pekanbaru tewas mengenaskan, mobil dan barang berharga raib",negatif
garuda dalam status pkpu hingga isat bubarkan anak usaha,negatif
"sidang gugatan ptpn iv regional iii melawan koppsam, ada dua poin penting keterangan ahli perkuat posisi koperasi dan masyarakat",negatif
"bumn gula bikin jokowi jengkel, erick ungkap ada permainan",negatif
"dukung penggabungan bulog, buwas agar bumn tak saling tempur",netral
"batang makin seksi, investor yang masuk dapat lahan gratis",netral
alumni unri jabat sevp business support ptpn iv regional iii  riau pos,positif
post  gubernur riau bersama bupati rohul hadiri panen perdana sawit plasma ptpn v kud makarti jaya tandun,positif
7 fakta teror bom palsu bertepatan pembukaan tiiwg g20 di solo,negatif
festival kopi nusantara di bondowoso cari barista terbaik di indonesia,positif
"tingkatkan persaingan industri gula, kppu tempuh cara ini",positif
festival cokelat glenmore kuatkan banyuwangi penghasil cokelat terbaik dunia,positif
"2 pria curi mobil di binjai, modusnya pakai wanita minta tumpangan",negatif
ribuan buruh mau demo di surabaya lewat tol agar tak ganggu acara 1 abad nu,netral
"sukses bertransformasi, ptpn iii pangkas utang rp 8,5 triliun",positif
"geger erick ungkap indikasi korupsi baja, sawit, gula bumn",negatif
"palmco jadi raja dunia, welcome era minyak goreng murah",positif
longsor putus total akses ke kawasan ijen via bondowoso,negatif
erick bakal lapor 2 dapen bumn diduga korupsi ke kejagung pekan ini,negatif
"kejurda sprint rally sumut dibuka, ijeck tercepat di kelas m1 dan sc ffa",netral
gaspol kereta cepat jakartabandung bakal beroperasi 2023,positif
sentul city respons aksi marahmarah brigjen tumilaar soal lahan warga,netral
ptpn v serap 671.453 ton sawit petani riau,positif
"pensiunan ptpn v ditemukan tewas bersimbah darah, diduga dibunuh",negatif
profil dirut berdikari yang dicopot erick thohir buntut pistolnya meletus di bandara,netral
"bentuk palmco, bumn holding perkebunan perkuat peran di ekonomi nasional",positif
cara injourney dan ptpn ubah rugi jadi laba,positif
jalan panjang menuju lembah tengkorak yang tersembunyi di hutan,netral
"erick sebut ada korupsi laten, terus rencana ipo ptpn gimana",negatif
"china lockdown, harga tbs di riau tertekan",negatif
"minyak goreng langkamahal, bumn bisa apa",negatif
"erick thohir beberkan rencana garap rs internasional, gandeng mayo clinic",netral
"heboh tapera, ini daftar 4 mega korupsi dana kelolaan  kerugiannya",positif
pemkab setop pembangunan wisata yang sempat viral rusak kebun teh puncak,negatif
"10 rekomendasi pusat oleholeh banyuwangi, mulai camilankerajinan tangan",netral
kebijakan plinplan jokowi tax amnesty jilid iikereta cepat pakai apbn,negatif
"erick thohir tugaskan bumn tanam 111 ribu pohon, bisa dipanen warga",positif
populer kota mati tommy soeharto di karawang,netral
cerita babeh idin susuri sungai dari bogor ke jakut dengan getek gedebok,netral
bahagia ratusan petani mitra ptpn v pasca panen perdana program psr,positif
dirut ptpn iii bicara soal ancaman krisis gula di indonesia,positif
"video swasembada gula 2028, ptpn  genjot produksi jadi 8 tonhektar",positif
perusahaan sawit ramairamai investasi di sektor pendidikan,positif
konsesi kereta cepat jktbdg diminta jadi 80 tahun karena lama balik modal,netral
deretan bumn yang punya utang segunung,negatif
"lepas 49 persen saham, investor sugar co diumumkan awal tahun",netral
"harga tbs sawit di riau turun lagi, berikut rinciannya",negatif
"kpk akui panggil saksi kasus ptpn xi yang sudah meninggal, kok bisa",negatif
pemkot medan merdeka walk akan dipindahkan ke taman lili suheri,netral
"erick ingatkan bersihbersih dapen bumn bukan soal penjarakan oknum, tapi...",netral
"pemerintah akan atur hap gula, begini respons petani tebu sumut",netral
"video el nino masih menghantui, ini efeknya pada kopi ri",netral
"miris nasib warga ri berastelur mahal, harga gula pecah rekor lagi",negatif
"7 bumn keroyokan beri kado buat petani, erick thohir minta hal ini",netral
peternak lebah madu adukan hambatan budi daya ke ketua dpd ri,negatif
heboh warga temukan mayat kakek tergeletak di kebun sawit sergai,negatif
syah afandin bakal jadikan langkat lumbung pangan nasional,positif
"iranisrael konflik, harga gula diramal jadi segini",netral
"sukses transformasi, ptpn dulu rugi kini untung terus",positif
"masuk kabinet prabowo, segini harta maruarar  budiman sudjatmiko",netral
"produksi bbm bioetanol ditargetkan 700 ribu ton, ini caranya",netral
antisipasi depresiasi rupiah bagi ketahanan finansial bumn,netral
pj bupati bogor ingin pkl segera dipindah ke rest area gunung mas puncak,netral
holding bumn perkebunan fokus hilirisasi hingga produksi bbm ramah lingkungan,positif
"13 lembu milik warga asahan mati, diduga diracun",negatif
permintaan maaf remaja di riau yang caci maki jokowi,netral
dana kereta cepat jktbdg jadi ditombok apbn ini kata luhut,netral
"pendiri dapen ramairamai belum bayar rp3,61 t iuran pekerja",negatif
harga tbs sawit di riau turun jadi rp 2.702 per kg,negatif
"video oil palm marathon, pesan kelestarian industri sawit",positif
bos milenial bumn beradu konsep pengembangan digital.,netral
jabar hari ini kkn 10 tahun lalu antarkan kamil nikahi khansa,netral
ptpn fasilitasi pemprov sulsel 104 ribu ha lahan untuk tanam pisangnangka,positif
polri usut dugaan korupsi proyek pabrik gula assembagoes ptpn xi,netral
"palmco jadi raja dunia, era minyak goreng murah tiba",positif
"ditetapkan jadi tersangka, begini kronologi kasus budi said",positif
kadus sukorejo tewas tertabrakterseret mobil di depan rumdin bupati klaten,negatif
10 wisata malang tak boleh dilewatkan cocok habiskan libur akhir pekan,netral
"diduga jadi penyebab banjir, 4 tempat wisata di puncak bogor disegel",negatif
"sirah kencong dulu sejuk, kini tak terawat hingga mengeluarkan aroma busuk",negatif
"pelajar tewas usai 2 kali ditembak, luka di punggung dan dada",negatif
"erick thohir lepas ekspor kopi ke mesir, targetnya 3.000 ton",positif
"soal update dapen bermasaah, erick thohir kasih bocoran ini",netral
menikmati desa coklat di banyuwangi,netral
penyebab kakek pedagang sayur di labuhanbatu ditikam tetangga hingga tewas,negatif
eks bupati inhu dan surya darmadi tersangka korupsi lahan duta palma,negatif
"3 bandit di labuhanbatu ditangkap, rampas motor sambil todongkan pistol korek api",negatif
"sinergi bumn bukan cuma slogan, ini buktinya",positif
astaga erick sebut ada korupsi jumbo terselubung di ptpn,negatif
sinergi ptpn vpln perkuat proyek strategis nasional,positif
"ri mau komoditas teh rajai lagi pasar global, begini jurusnya",positif
"kapolres banjar hadiri penanaman perdana jagung di ptpn iv danau salak, dorong ketahanan pangan dan kesejahteraan petani",positif
ini daftar relawan hingga eks menteri jokowi yang jadi komisaris bumn,netral
pemadaman karhutla di 8 daerah sumsel pakai jalur daratudara,netral
"rest area heritage dikuasai 70 pelaku umkm, omzet sampai segini",netral
"palmco siapkan 35 ton sembako murah, harga diskon 50",positif
"kena sentil dedi mulyadi soal alih fungsi lahan, ini respons pt jaswita",negatif
"5 hari hilang, nenek 80 tahun ditemukan tewas di perkebunan tuntang",negatif
"jadi tokoh inovatif bidang pertanahan, menteri hadi geber program ptsl",positif
"5 wisata agro di jawa barat, sejuk banget gaes",netral
ptpn iv regional iii salurkan 4 ton sembako hingga alquran kepada korban banjir di pekanbaru,positif
"diduga preman halangi bangun jalan, sentul city buka suara",negatif
catat ada dua acara kuliner di banyuwangi untuk maret 2023,netral
inilah motif pembunuhan pensiunan ptpn v di pekanbaru,negatif
"bumn agresif holdingisasi  klasterisasi, ini manfaatnya",netral
"erick thohir kumpulkan bosbos bumn, titip pesan ini",netral
ptpn group target bangun 29 fasilitas ebt baru di pabrik sawit,positif
"id food mau tambah lahan tebu 70.000 ha, lokasinya di sini",netral
8 kendaraan terlibat kecelakaan beruntun yang tewaskan 2 orang di subang,negatif
bareskrim usut kasus dugaan korupsi proyek rp 871 m di ptpn xi,negatif
revitalisasi industri gula targetkan swasembada untuk konsumsi 2028,positif
10 rekomendasi tempat wisata keluarga di siantarsimalungun,netral
ptpn v manfaatkan drone berantas hama perkebunan sawit,positif
"bersama holding perkebunan, ptpn v gerak cepat bantu korban gempa cianjur",positif
"diduga tutupi bobrok oknum karyawan. menejer kebun terantam, bungkam saat dikonfirmasi oleh wartawan.",negatif
"simak 4 tantangan utama bumn bagi erick thohir, tiko  bgs",netral
ptpn bakal tindak tegas pimpinan perseroan yang terbukti korupsi,positif
"bukan brebes, batang calon relokasi yang dibahas jokowitrump",netral
cara bumn tangkal krisis pangan yang kian dekat,netral
kisah pengusiran meneer belanda dari pabrik tjipetir sukabumi,netral
"perusahaan as hengkang dari china, ri siapkan lahan 4.000 ha",netral
20 juni lapangan merdeka medan dikosongkan,netral
"kunjungi warga onggoboyo, mas dhito dicurhati soal akses air bersih",positif
andre rosiade minta ptpn bantu petani remajakan tanaman kelapa sawit di sumbar,negatif
emakemak geruduk rumah kades di lahat gegara listrik sering padam,negatif
jabar hari ini kekejaman majikan yang diungkap rohimah,negatif
"wisata kota tua surabaya mulai direvitalisasi, kawasan eropa dipercantik",positif
tak efisien  buruknya manajemen sebabkan bumn merugi,negatif
pembangunan huntap penyintas pergerakan tanah sukabumi disetop,negatif
"perusahaan sawit palmco mau ipo, targetkan raup dana hingga rp 10 t",positif
spbun tegaskan tak ada sengketa lahan antara warga dan ptpn,netral
puluhan barista adu jago di festival kopi nusantara bondowoso,positif
ptpn iv regional iii optimalkan aset dan perkuat umkm,positif
ipo bumn sugar co tunggu ini dulu,netral
ptpn iv regional iii bersinergi dengan pemerintah kota pekanbaru dan para siswa man 2 pekanbaru lakukan penghijauan kota,positif
"kelompok tani di rohul dapat kucuran rp 1,3 m untuk pulihkan ekonomi",positif
jegerr erick thohir sebut ada permainan industri gula ri,negatif
"sulap limbah jadi ebt, ri gandeng 3 perusahaan jepang",positif
"sukses di ptpn iv regional iii, rurianto dipercaya nakhodai regional i sumatera utara",positif
"holding perkebunan cetak laba rp 5 t, naik 66,4",positif
"ikut hari menanam pohon, taspen ikhtiar jaga kelestarian lingkungan",netral
"sepekan dirawat, gajah sakit bagian mulut di aceh timur mati",negatif
5 pembunuh anggota geng motor di bandung barat ditangkap,positif
gubernur khofifah bantu warga terdampak banjir kalibaru banyuwangi,positif
ptpn iv regional iii siapkan 400 kursi gratis mudik bersama bumn 2025,positif
pupuk indonesia ajak umkm perluas pasar lewat padi umkm expo 2023,positif
"merger ptpn, palmco  supportingco jadi raja sawit dunia",positif
"niat awal ziarah, malah mabuk  berujung petaka karena ngonten di atas sutet",negatif
"bumn perkebunan geber swasembada gula, begini jurusnya",positif
blakblakan brigjen tumilaar marah ke sentul city soal lahanpreman,negatif
"program 3 juta rumah diusulkan jadi psn, nusron beberkan alasannya",netral
pemprov dukung ptpn iv regional iii wujudkan swasembada pangan energi di riau,positif
"luhut sudah ditelepon tesla soal pabrik, lahan sudah siap",netral
"diluncurkan bulan ini, bbm bioetanol berbasis tebu lolos uji coba 500 kmhari",positif
"palmco incar ipo hingga rp 10 t, ada yang untuk bangun pabrik",netral
"temui warga onggoboyo, mas dhito janji hadirkan akses jalanair bersih",positif
bumn perkebunan pasok daun teh buat starbucks,netral
"sentil krisis migor ri, erick swasta jangan jadi orang asing",netral
pemerintah gelar operasi pasar besarbesaran mulai pekan depan,positif
kisah jatuhnya takhta ri penguasa gula yang kini tinggal kenangan,netral
ptpn v manfaatkan drone optimalkan produksi perkebunan sawit,positif
"100 persen rspo, ptpn iv regional iii rambah sertifikasi ip segregasi  riau pos",positif
sejarah bekas balai penelitian tembakau deli jadi kantor gubernur sumut,netral
"andre rosiade salurkan bantuan rp 1,4 m untuk korban gempa sumbar",positif
holding bumn ptpn disentil bpk apa yang tak beres sih,negatif
program manis swasembada gula digelar sejumlah kementerian di lumajang,positif
"muncul lagi selebaran di klaten, ada yang singgung eks mensos juliari",negatif
pengen kerja di bumn ini tips dan triknya,netral
"rapat bersama tim menkopolhukam, pemprov riau dan pemkab kampar terkait lahan ptpn v dan persukuan piliang ganting sepakati tiga poin",positif
geber transformasi ptpn dari gelap jadi untung,positif
"nusapro, inovasi milenial ptpn v pengawal produktivitas berkelanjutan",netral
terkuak ini alasan 7 bumn dibubarkan,netral
"naikkan produktivitas petani, kunci kemandirian gula nasional",netral
"ngeri nekat ngonten panjat sutet saat mabuk, pria garut gosong kesetrum",negatif
"produksi gula ri ditargetkan 2,7 juta ton di 2025, tertinggi sepanjang sejarah",positif
kpk tetapkan eks direktur bumn ptpn xi tersangka korupsi lahan,negatif
"4 dapen bumn diselidiki kejagung, wamen tiko ungkap hal ini",negatif
8 perusahaan green business terbaik green economic forum 2023,positif
kabar duka komut ptpn xi wafat akibat terjangkit covid19,netral
"biaya bengkak malaysia batalkan proyek kereta cepat, jokowi malah lanjut pakai apbn",negatif
"perkuat silaturahmi jelang bulan suci, forkompinda olahraga bersama di ptpn v",positif
jokowi targetkan produksi bbm baru bisa jutaan kl di 2030,netral
